Workbook

Sheet GERAL ENVIOS
S1: 45689 | T1: 46023
S2: 953 | T2: 970
C3: STATUS | D3: QUANT | F3: CAPA | G3: QUANTIDADE | S3: 964 | T3: 1066
C4: APROVADO | D4: =COUNTIF(K:K,"APROVADO") -> 11 | F4: EM DIAGRAMAÇÃO | G4: =COUNTIF(M:M,"EM DIAGRAMAÇÃO") -> 0 | S4: 1019 | T4: 1179
C5: Aguardando Aprovação | D5: =COUNTIF(K:K,"Aguardando Aprovação") -> 81 | F5: EM PRODUÇÃO | G5: =COUNTIF(M:M,"EM PRODUÇÃO") -> 0 | S5: 1084 | T5: 995
C6: DIAGRAMADO | D6: =COUNTIF(K:K,"DIAGRAMADO") -> 3 | F6: CAPA ENTREGUE | G6: =COUNTIF(M:M,"ESTOJO ENTREGUE") -> 0 | S6: 1172 | T6: 972
C7: Sem álbum | D7: =COUNTIF(K:K,"Sem álbum") -> 77 | F7: DIAGRAMADO | G7: =COUNTIF(M:M,"DIAGRAMADO") -> 347 | S7: 988 | T7: 996
C8: EM DIAGRAMAÇÃO | D8: =COUNTIF(K:K,"EM DIAGRAMAÇÃO") -> 0 | F8: TOTAL | G8: =G7+G6+G5+G4 -> 347 | S8: 994 | T8: 1085
C9: Com Modificações | D9: =COUNTIF(K:K,"Com Modificações") -> 10 | S9: 968 | T9: 954
C10: Finalizado | D10: =COUNTIF(K:K,"Finalizado") -> 254 | S10: 957 | T10: 1099
C11: IMPRESSÃO | D11: =COUNTIF(K:K,"IMPRESSÃO") -> 52 | S11: 961 | T11: 1232
C12: PRONTO PARA ENVIO | D12: =COUNTIF(K:K,"PRONTO PARA ENVIO") -> 0 | S12: 971 | T12: 962
C13: COM A BARBARA | D13: =COUNTIF(K:K,"COM A BARBARA") -> 0 | S13: 1103 | T13: 1105
C14: AGUARDANDO FOTO | D14: =COUNTIF(K:K,"AGUARDANDO FOTO") -> 22 | S14: 1173 | T14: 958
C15: TOTAL | D15: =D11+D10+D9+D8+D7+D6+D5+D4+D12+D14+D13 -> 510 | S15: 1177
A18: DOWNLOAD | B18: DATA | C18: CLIENTE | D18: CONT | E18: SGE | F18: TAMANHO | G18: CURSO | H18: CPF | I18: MAISBOOK | J18: Cliente | K18: STATUS | L18: LOTE | M18: CAPA | N18: POSTERS | O18: PRAZO DE ENVIO | P18: DATA DO ENVIO | Q18: DATA DA APROVAÇÃO | R18: PRAZO DE ENTREGA
A19: TRUE | B19: 46183 | C19: Tiago Afonso Vasconcelos De Souza | D19: 964 | E19: =IFERROR(__xludf.DUMMYFUNCTION("IF(C19="""", """", XLOOKUP(TRIM(C19), 'COTRATOS ALBUNS 25.2'!E:E, 'COTRATOS ALBUNS 25.2'!D:D, XLOOKUP(TRIM(C19), IMPORTRANGE(""16smdYggRVyzhu5y9HP2ayvW__ybkjb1nkVsCvZrByLM"", ""'COTRATOS 26.1'!B:B""), IMPORTRANGE(""16smdYggRVyzhu5y9HP2ayvW__ybkjb1nkVsCvZr"&"ByLM"", ""'COTRATOS 26.1'!A:A""), """")))"),84013.0) -> 84013 | F19: Studio Day Moscou 30x20 | G19: PSICOLOGIA | H19: 63637228 | I19: XAEFDS6J | K19: Aguardando Aprovação | M19: DIAGRAMADO | N19: FALSE | O19: =B19+17 -> 46200 | P19: 46265 | R19: =IF(Q19="", "", Q19+60) | AA19: 46288.478
A20: TRUE | B20: 46291 | C20: Adagilza Beatriz bispo da Silva | D20: 1179 | E20: =IFERROR(__xludf.DUMMYFUNCTION("IF(C20="""", """", XLOOKUP(TRIM(C20), 'COTRATOS ALBUNS 25.2'!E:E, 'COTRATOS ALBUNS 25.2'!D:D, XLOOKUP(TRIM(C20), IMPORTRANGE(""16smdYggRVyzhu5y9HP2ayvW__ybkjb1nkVsCvZrByLM"", ""'COTRATOS 26.1'!B:B""), IMPORTRANGE(""16smdYggRVyzhu5y9HP2ayvW__ybkjb1nkVsCvZr"&"ByLM"", ""'COTRATOS 26.1'!A:A""), """")))"),93441.0) -> 93441 | F20: Prime Book 30X20 | G20: BIOMEDICINA | I20: ECKTEZTU | K20: Com Modificações | M20: DIAGRAMADO | N20: FALSE | O20: =B20+17 -> 46308 | R20: =IF(Q20="", "", Q20+60)
A21: TRUE | B21: 46225.743 | C21: Adileny nathacha Costa de Miranda | D21: 994 | E21: =IFERROR(__xludf.DUMMYFUNCTION("IF(C21="""", """", XLOOKUP(TRIM(C21), 'COTRATOS ALBUNS 25.2'!E:E, 'COTRATOS ALBUNS 25.2'!D:D, XLOOKUP(TRIM(C21), IMPORTRANGE(""16smdYggRVyzhu5y9HP2ayvW__ybkjb1nkVsCvZrByLM"", ""'COTRATOS 26.1'!B:B""), IMPORTRANGE(""16smdYggRVyzhu5y9HP2ayvW__ybkjb1nkVsCvZr"&"ByLM"", ""'COTRATOS 26.1'!A:A""), """")))"),67849.0) -> 67849 | F21: Essencial Book 20x20 | G21: ENFERMAGEM | I21: E7EUQX4V | K21: Finalizado | L21: Lote 9 | M21: DIAGRAMADO | N21: TRUE | O21: =B21+17 -> 46242.743 | P21: 46297 | Q21: 46226 | R21: =IF(Q21="", "", Q21+60) -> 46286
A22: TRUE | B22: 46268.426 | C22: Adine Nascimento Belo | D22: 994 | E22: =IFERROR(__xludf.DUMMYFUNCTION("IF(C22="""", """", XLOOKUP(TRIM(C22), 'COTRATOS ALBUNS 25.2'!E:E, 'COTRATOS ALBUNS 25.2'!D:D, XLOOKUP(TRIM(C22), IMPORTRANGE(""16smdYggRVyzhu5y9HP2ayvW__ybkjb1nkVsCvZrByLM"", ""'COTRATOS 26.1'!B:B""), IMPORTRANGE(""16smdYggRVyzhu5y9HP2ayvW__ybkjb1nkVsCvZr"&"ByLM"", ""'COTRATOS 26.1'!A:A""), """")))"),87894.0) -> 87894 | F22: Studio Day Moscou 30x20 | G22: ENFERMAGEM | I22: BHG3GVEA | K22: Finalizado | L22: Lote 3 | M22: DIAGRAMADO | N22: TRUE | O22: =B22+17 -> 46285.426 | P22: 46297 | Q22: =B22 -> 46268.426 | R22: =IF(Q22="", "", Q22+60) -> 46328.426
A23: TRUE | B23: 46268.426 | C23: Adison Da Silva Sobrinho Machado | D23: 6118 | E23: =IFERROR(__xludf.DUMMYFUNCTION("IF(C23="""", """", XLOOKUP(TRIM(C23), 'COTRATOS ALBUNS 25.2'!E:E, 'COTRATOS ALBUNS 25.2'!D:D, XLOOKUP(TRIM(C23), IMPORTRANGE(""16smdYggRVyzhu5y9HP2ayvW__ybkjb1nkVsCvZrByLM"", ""'COTRATOS 26.1'!B:B""), IMPORTRANGE(""16smdYggRVyzhu5y9HP2ayvW__ybkjb1nkVsCvZr"&"ByLM"", ""'COTRATOS 26.1'!A:A""), """")))"),73597.0) -> 73597 | F23: Studio Day Moscou 30x20 | G23: DIREITO | I23: P4AYNW2C | K23: Finalizado | L23: Lote 2 | M23: DIAGRAMADO | N23: TRUE | O23: =B23+17 -> 46285.426 | P23: 46296 | Q23: =B23 -> 46268.426 | R23: =IF(Q23="", "", Q23+60) -> 46328.426
A24: TRUE | B24: 46254 | C24: Ádria Caroline Silva Gomes | D24: 970 | E24: =IFERROR(__xludf.DUMMYFUNCTION("IF(C24="""", """", XLOOKUP(TRIM(C24), 'COTRATOS ALBUNS 25.2'!E:E, 'COTRATOS ALBUNS 25.2'!D:D, XLOOKUP(TRIM(C24), IMPORTRANGE(""16smdYggRVyzhu5y9HP2ayvW__ybkjb1nkVsCvZrByLM"", ""'COTRATOS 26.1'!B:B""), IMPORTRANGE(""16smdYggRVyzhu5y9HP2ayvW__ybkjb1nkVsCvZr"&"ByLM"", ""'COTRATOS 26.1'!A:A""), """")))"),92164.0) -> 92164 | F24: Diamond Book 24X34 | G24: FISIOTERAPIA | I24: ZTWDXHZW | K24: Aguardando Aprovação | N24: FALSE | O24: =B24+17 -> 46271 | P24: 46297 | R24: =IF(Q24="", "", Q24+60)
A25: TRUE | B25: 46234 | C25: Adria Stefane Palheta Gomes | D25: 1099 | E25: =IFERROR(__xludf.DUMMYFUNCTION("IF(C25="""", """", XLOOKUP(TRIM(C25), 'COTRATOS ALBUNS 25.2'!E:E, 'COTRATOS ALBUNS 25.2'!D:D, XLOOKUP(TRIM(C25), IMPORTRANGE(""16smdYggRVyzhu5y9HP2ayvW__ybkjb1nkVsCvZrByLM"", ""'COTRATOS 26.1'!B:B""), IMPORTRANGE(""16smdYggRVyzhu5y9HP2ayvW__ybkjb1nkVsCvZr"&"ByLM"", ""'COTRATOS 26.1'!A:A""), """")))"),95260.0) -> 95260 | F25: Essencial Book 20x20 | G25: LOGISTICA | I25: UWT65Y36 | K25: Aguardando Aprovação | M25: DIAGRAMADO | N25: FALSE | O25: =B25+17 -> 46251 | P25: 46310 | R25: =IF(Q25="", "", Q25+60)
A26: TRUE | B26: 46288 | C26: Adriane Correa Lobo | D26: 937 | E26: =IFERROR(__xludf.DUMMYFUNCTION("IF(C26="""", """", XLOOKUP(TRIM(C26), 'COTRATOS ALBUNS 25.2'!E:E, 'COTRATOS ALBUNS 25.2'!D:D, XLOOKUP(TRIM(C26), IMPORTRANGE(""16smdYggRVyzhu5y9HP2ayvW__ybkjb1nkVsCvZrByLM"", ""'COTRATOS 26.1'!B:B""), IMPORTRANGE(""16smdYggRVyzhu5y9HP2ayvW__ybkjb1nkVsCvZr"&"ByLM"", ""'COTRATOS 26.1'!A:A""), """")))"),92279.0) -> 92279 | F26: Prime Book 30X20 | G26: PEDAGOGIA | I26: EWQHF8KY | K26: Com Modificações | N26: FALSE | O26: =B26+17 -> 46305 | P26: 46309 | R26: =IF(Q26="", "", Q26+60)
A27: TRUE | B27: 46275.751 | C27: Adriele Fernanda Guedes Dos Santos | D27: 964 | E27: =IFERROR(__xludf.DUMMYFUNCTION("IF(C27="""", """", XLOOKUP(TRIM(C27), 'COTRATOS ALBUNS 25.2'!E:E, 'COTRATOS ALBUNS 25.2'!D:D, XLOOKUP(TRIM(C27), IMPORTRANGE(""16smdYggRVyzhu5y9HP2ayvW__ybkjb1nkVsCvZrByLM"", ""'COTRATOS 26.1'!B:B""), IMPORTRANGE(""16smdYggRVyzhu5y9HP2ayvW__ybkjb1nkVsCvZr"&"ByLM"", ""'COTRATOS 26.1'!A:A""), """")))"),85993.0) -> 85993 | F27: Studio Day Berlim 24x34 | G27: CIÊNCIAS CONTÁBEIS | I27: TVFXAXHA | K27: Finalizado | L27: Lote 8 | N27: TRUE | O27: =B27+17 -> 46292.751 | P27: 46297 | Q27: 46219 | R27: =IF(Q27="", "", Q27+60) -> 46279
A28: TRUE | B28: 46295 | C28: Airon Samuel Martins Corrêa | D28: 970 | E28: =IFERROR(__xludf.DUMMYFUNCTION("IF(C28="""", """", XLOOKUP(TRIM(C28), 'COTRATOS ALBUNS 25.2'!E:E, 'COTRATOS ALBUNS 25.2'!D:D, XLOOKUP(TRIM(C28), IMPORTRANGE(""16smdYggRVyzhu5y9HP2ayvW__ybkjb1nkVsCvZrByLM"", ""'COTRATOS 26.1'!B:B""), IMPORTRANGE(""16smdYggRVyzhu5y9HP2ayvW__ybkjb1nkVsCvZr"&"ByLM"", ""'COTRATOS 26.1'!A:A""), """")))"),94451.0) -> 94451 | F28: Prime Book 30X20 | G28: EDUCAÇAO FISICA | I28: 3EPS3RXU | K28: Aguardando Aprovação | M28: DIAGRAMADO | N28: FALSE | O28: =B28+17 -> 46312 | P28: 46310 | R28: =IF(Q28="", "", Q28+60)
A29: TRUE | B29: 46255 | C29: Alan Justino Nascimento | D29: 904 | E29: =IFERROR(__xludf.DUMMYFUNCTION("IF(C29="""", """", XLOOKUP(TRIM(C29), 'COTRATOS ALBUNS 25.2'!E:E, 'COTRATOS ALBUNS 25.2'!D:D, XLOOKUP(TRIM(C29), IMPORTRANGE(""16smdYggRVyzhu5y9HP2ayvW__ybkjb1nkVsCvZrByLM"", ""'COTRATOS 26.1'!B:B""), IMPORTRANGE(""16smdYggRVyzhu5y9HP2ayvW__ybkjb1nkVsCvZr"&"ByLM"", ""'COTRATOS 26.1'!A:A""), """")))"),84886.0) -> 84886 | F29: Moscou 30X20 | G29: ENFERMAGEM | I29: 8H4YYU7N | K29: DIAGRAMADO | N29: FALSE | O29: =B29+17 -> 46272 | R29: =IF(Q29="", "", Q29+60)
A30: TRUE | B30: 46297 | C30: Alanna Da Silva Do Vale | D30: 860 | E30: =IFERROR(__xludf.DUMMYFUNCTION("IF(C30="""", """", XLOOKUP(TRIM(C30), 'COTRATOS ALBUNS 25.2'!E:E, 'COTRATOS ALBUNS 25.2'!D:D, XLOOKUP(TRIM(C30), IMPORTRANGE(""16smdYggRVyzhu5y9HP2ayvW__ybkjb1nkVsCvZrByLM"", ""'COTRATOS 26.1'!B:B""), IMPORTRANGE(""16smdYggRVyzhu5y9HP2ayvW__ybkjb1nkVsCvZr"&"ByLM"", ""'COTRATOS 26.1'!A:A""), """")))"),88172.0) -> 88172 | F30: Studio Day Berlim 24x34 | G30: FISIOTERAPIA | I30: 4ZF6AY2T | K30: Finalizado | L30: Lote 13 | M30: DIAGRAMADO | N30: FALSE | O30: =B30+17 -> 46314 | P30: 46297 | Q30: 46245 | R30: =IF(Q30="", "", Q30+60) -> 46305
A31: TRUE | B31: 46256 | C31: Alberto Nícollas Jhoyos Sarubbi De Almeida | D31: 970 | E31: =IFERROR(__xludf.DUMMYFUNCTION("IF(C31="""", """", XLOOKUP(TRIM(C31), 'COTRATOS ALBUNS 25.2'!E:E, 'COTRATOS ALBUNS 25.2'!D:D, XLOOKUP(TRIM(C31), IMPORTRANGE(""16smdYggRVyzhu5y9HP2ayvW__ybkjb1nkVsCvZrByLM"", ""'COTRATOS 26.1'!B:B""), IMPORTRANGE(""16smdYggRVyzhu5y9HP2ayvW__ybkjb1nkVsCvZr"&"ByLM"", ""'COTRATOS 26.1'!A:A""), """")))"),94539.0) -> 94539 | F31: Prime Book 30X20 | G31: ENGENHARIA CIVIL | I31: 3ANNCRNA | K31: Sem álbum | N31: FALSE | O31: =B31+17 -> 46273 | R31: =IF(Q31="", "", Q31+60)
A32: TRUE | B32: 46251 | C32: Aldenise Silva de Nazaré | D32: 1084 | E32: =IFERROR(__xludf.DUMMYFUNCTION("IF(C32="""", """", XLOOKUP(TRIM(C32), 'COTRATOS ALBUNS 25.2'!E:E, 'COTRATOS ALBUNS 25.2'!D:D, XLOOKUP(TRIM(C32), IMPORTRANGE(""16smdYggRVyzhu5y9HP2ayvW__ybkjb1nkVsCvZrByLM"", ""'COTRATOS 26.1'!B:B""), IMPORTRANGE(""16smdYggRVyzhu5y9HP2ayvW__ybkjb1nkVsCvZr"&"ByLM"", ""'COTRATOS 26.1'!A:A""), """")))"),85926.0) -> 85926 | F32: Studio Day Berlim 24x34 | G32: PSICOLOGIA | I32: 57HRM4BF | K32: Aguardando Aprovação | M32: DIAGRAMADO | N32: FALSE | O32: =B32+17 -> 46268 | P32: 46300 | R32: =IF(Q32="", "", Q32+60)
A33: TRUE | B33: 46275.752 | C33: Alessandro Batista Lira | D33: 1172 | E33: =IFERROR(__xludf.DUMMYFUNCTION("IF(C33="""", """", XLOOKUP(TRIM(C33), 'COTRATOS ALBUNS 25.2'!E:E, 'COTRATOS ALBUNS 25.2'!D:D, XLOOKUP(TRIM(C33), IMPORTRANGE(""16smdYggRVyzhu5y9HP2ayvW__ybkjb1nkVsCvZrByLM"", ""'COTRATOS 26.1'!B:B""), IMPORTRANGE(""16smdYggRVyzhu5y9HP2ayvW__ybkjb1nkVsCvZr"&"ByLM"", ""'COTRATOS 26.1'!A:A""), """")))"),85487.0) -> 85487 | F33: Studio Day Moscou 30x20 | G33: LOGISTICA | I33: KFZDPAC5 | K33: Finalizado | L33: Lote 8 | N33: TRUE | O33: =B33+17 -> 46292.752 | P33: 46297 | Q33: 46219 | R33: =IF(Q33="", "", Q33+60) -> 46279
A34: TRUE | B34: 46297 | C34: Aléx Paulo Costa de Nazaré | D34: 961 | E34: =IFERROR(__xludf.DUMMYFUNCTION("IF(C34="""", """", XLOOKUP(TRIM(C34), 'COTRATOS ALBUNS 25.2'!E:E, 'COTRATOS ALBUNS 25.2'!D:D, XLOOKUP(TRIM(C34), IMPORTRANGE(""16smdYggRVyzhu5y9HP2ayvW__ybkjb1nkVsCvZrByLM"", ""'COTRATOS 26.1'!B:B""), IMPORTRANGE(""16smdYggRVyzhu5y9HP2ayvW__ybkjb1nkVsCvZr"&"ByLM"", ""'COTRATOS 26.1'!A:A""), """")))"),73467.0) -> 73467 | F34: Diamond Book 24X34 | G34: ADMINISTRAÇÃO | I34: D7F6WZRH | K34: IMPRESSÃO | L34: Lote 15 | M34: DIAGRAMADO | N34: FALSE | O34: =B34+17 -> 46314 | P34: 46297 | Q34: 46287 | R34: =IF(Q34="", "", Q34+60) -> 46347
A35: TRUE | B35: 46268.426 | C35: Alice Da Silva E Souza | D35: 850 | E35: =IFERROR(__xludf.DUMMYFUNCTION("IF(C35="""", """", XLOOKUP(TRIM(C35), 'COTRATOS ALBUNS 25.2'!E:E, 'COTRATOS ALBUNS 25.2'!D:D, XLOOKUP(TRIM(C35), IMPORTRANGE(""16smdYggRVyzhu5y9HP2ayvW__ybkjb1nkVsCvZrByLM"", ""'COTRATOS 26.1'!B:B""), IMPORTRANGE(""16smdYggRVyzhu5y9HP2ayvW__ybkjb1nkVsCvZr"&"ByLM"", ""'COTRATOS 26.1'!A:A""), """")))"),75788.0) -> 75788 | F35: Studio Day Berlim 24x34 | G35: FARMÁCIA | I35: PHDXKU5M | K35: Finalizado | L35: Lote 4 | M35: DIAGRAMADO | N35: TRUE | O35: =B35+17 -> 46285.426 | P35: 46297 | Q35: 46203 | R35: =IF(Q35="", "", Q35+60) -> 46263
A36: TRUE | B36: 46276 | C36: Alice Gabriely Frota de Oliveira | D36: 1172 | E36: =IFERROR(__xludf.DUMMYFUNCTION("IF(C36="""", """", XLOOKUP(TRIM(C36), 'COTRATOS ALBUNS 25.2'!E:E, 'COTRATOS ALBUNS 25.2'!D:D, XLOOKUP(TRIM(C36), IMPORTRANGE(""16smdYggRVyzhu5y9HP2ayvW__ybkjb1nkVsCvZrByLM"", ""'COTRATOS 26.1'!B:B""), IMPORTRANGE(""16smdYggRVyzhu5y9HP2ayvW__ybkjb1nkVsCvZr"&"ByLM"", ""'COTRATOS 26.1'!A:A""), """")))"),86092.0) -> 86092 | F36: Studio Day Moscou 30x20 | G36: DESIGN GRAFICO | I36: UZBU6RHR | K36: AGUARDANDO FOTO | N36: FALSE | O36: =B36+17 -> 46293 | R36: =IF(Q36="", "", Q36+60)
A37: TRUE | B37: 46297 | C37: Aline da Costa Viana | D37: 970 | E37: =IFERROR(__xludf.DUMMYFUNCTION("IF(C37="""", """", XLOOKUP(TRIM(C37), 'COTRATOS ALBUNS 25.2'!E:E, 'COTRATOS ALBUNS 25.2'!D:D, XLOOKUP(TRIM(C37), IMPORTRANGE(""16smdYggRVyzhu5y9HP2ayvW__ybkjb1nkVsCvZrByLM"", ""'COTRATOS 26.1'!B:B""), IMPORTRANGE(""16smdYggRVyzhu5y9HP2ayvW__ybkjb1nkVsCvZr"&"ByLM"", ""'COTRATOS 26.1'!A:A""), """")))"),90164.0) -> 90164 | F37: Prime Book 30X20 | G37: DIREITO | I37: 7DEHCLLA | K37: IMPRESSÃO | L37: Lote 15 | M37: DIAGRAMADO | N37: FALSE | O37: =B37+17 -> 46314 | P37: 46297 | Q37: 46288 | R37: =IF(Q37="", "", Q37+60) -> 46348
A38: TRUE | B38: 46297 | C38: Aline Da Rocha Lemos | D38: 1172 | E38: =IFERROR(__xludf.DUMMYFUNCTION("IF(C38="""", """", XLOOKUP(TRIM(C38), 'COTRATOS ALBUNS 25.2'!E:E, 'COTRATOS ALBUNS 25.2'!D:D, XLOOKUP(TRIM(C38), IMPORTRANGE(""16smdYggRVyzhu5y9HP2ayvW__ybkjb1nkVsCvZrByLM"", ""'COTRATOS 26.1'!B:B""), IMPORTRANGE(""16smdYggRVyzhu5y9HP2ayvW__ybkjb1nkVsCvZr"&"ByLM"", ""'COTRATOS 26.1'!A:A""), """")))"),86996.0) -> 86996 | F38: Studio Day Berlim 24x34 | G38: CIÊNCIAS CONTÁBEIS | I38: 63VRYPE8 | K38: Finalizado | L38: Lote 12 | M38: DIAGRAMADO | N38: FALSE | O38: =B38+17 -> 46314 | P38: 46297 | Q38: 46251 | R38: =IF(Q38="", "", Q38+60) -> 46311
A39: TRUE | B39: 46297 | C39: Aline Katrini Ramos Menezes | D39: 958 | E39: =IFERROR(__xludf.DUMMYFUNCTION("IF(C39="""", """", XLOOKUP(TRIM(C39), 'COTRATOS ALBUNS 25.2'!E:E, 'COTRATOS ALBUNS 25.2'!D:D, XLOOKUP(TRIM(C39), IMPORTRANGE(""16smdYggRVyzhu5y9HP2ayvW__ybkjb1nkVsCvZrByLM"", ""'COTRATOS 26.1'!B:B""), IMPORTRANGE(""16smdYggRVyzhu5y9HP2ayvW__ybkjb1nkVsCvZr"&"ByLM"", ""'COTRATOS 26.1'!A:A""), """")))"),85224.0) -> 85224 | F39: Essencial Book 20x20 | G39: ENFERMAGEM | I39: 59BL4WYM | K39: IMPRESSÃO | L39: Lote 15 | N39: FALSE | O39: =B39+17 -> 46314 | P39: 46297 | Q39: 46287 | R39: =IF(Q39="", "", Q39+60) -> 46347
A40: TRUE | B40: 46283 | C40: Alinne Carvalho Siqueira | D40: 896 | E40: =IFERROR(__xludf.DUMMYFUNCTION("IF(C40="""", """", XLOOKUP(TRIM(C40), 'COTRATOS ALBUNS 25.2'!E:E, 'COTRATOS ALBUNS 25.2'!D:D, XLOOKUP(TRIM(C40), IMPORTRANGE(""16smdYggRVyzhu5y9HP2ayvW__ybkjb1nkVsCvZrByLM"", ""'COTRATOS 26.1'!B:B""), IMPORTRANGE(""16smdYggRVyzhu5y9HP2ayvW__ybkjb1nkVsCvZr"&"ByLM"", ""'COTRATOS 26.1'!A:A""), """")))"),87367.0) -> 87367 | F40: Prime Book 30X20 | G40: DIREITO | I40: 939PX9PU | K40: Aguardando Aprovação | M40: DIAGRAMADO | N40: FALSE | O40: =B40+17 -> 46300 | P40: 46309 | R40: =IF(Q40="", "", Q40+60)
A41: TRUE | B41: 46268.426 | C41: Allan Da Silva Marvão | D41: 1084 | E41: =IFERROR(__xludf.DUMMYFUNCTION("IF(C41="""", """", XLOOKUP(TRIM(C41), 'COTRATOS ALBUNS 25.2'!E:E, 'COTRATOS ALBUNS 25.2'!D:D, XLOOKUP(TRIM(C41), IMPORTRANGE(""16smdYggRVyzhu5y9HP2ayvW__ybkjb1nkVsCvZrByLM"", ""'COTRATOS 26.1'!B:B""), IMPORTRANGE(""16smdYggRVyzhu5y9HP2ayvW__ybkjb1nkVsCvZr"&"ByLM"", ""'COTRATOS 26.1'!A:A""), """")))"),77467.0) -> 77467 | F41: Studio Day Berlim 24x34 | G41: FARMÁCIA | I41: WJGND7JX | K41: Finalizado | L41: Lote 1 | M41: DIAGRAMADO | N41: TRUE | O41: =B41+17 -> 46285.426 | P41: 46297 | Q41: =B41 -> 46268.426 | R41: =IF(Q41="", "", Q41+60) -> 46328.426
A42: TRUE | B42: 46268.426 | C42: Allan Delon Corrêa Ramos | D42: 971 | E42: =IFERROR(__xludf.DUMMYFUNCTION("IF(C42="""", """", XLOOKUP(TRIM(C42), 'COTRATOS ALBUNS 25.2'!E:E, 'COTRATOS ALBUNS 25.2'!D:D, XLOOKUP(TRIM(C42), IMPORTRANGE(""16smdYggRVyzhu5y9HP2ayvW__ybkjb1nkVsCvZrByLM"", ""'COTRATOS 26.1'!B:B""), IMPORTRANGE(""16smdYggRVyzhu5y9HP2ayvW__ybkjb1nkVsCvZr"&"ByLM"", ""'COTRATOS 26.1'!A:A""), """")))"),86806.0) -> 86806 | F42: Studio Day Moscou 30x20 | G42: ADS- ANALISE E DESENVOLVIMENTO DE SISTEMA | I42: RMUPKBU3 | K42: Finalizado | L42: Lote 2 | M42: DIAGRAMADO | N42: TRUE | O42: =B42+17 -> 46285.426 | P42: 46176 | Q42: =B42 -> 46268.426 | R42: =IF(Q42="", "", Q42+60) -> 46328.426
A43: TRUE | B43: 46297 | C43: Allanda Danielle Ferreira Cohen | D43: 948 | E43: 57512 | F43: Prime Book 30X20 | G43: ENFERMAGEM | I43: 9WT6FNE7 | K43: Finalizado | L43: Lote 13 | M43: DIAGRAMADO | N43: FALSE | O43: =B43+17 -> 46314 | P43: 46297 | Q43: 46266 | R43: =IF(Q43="", "", Q43+60) -> 46326
A44: TRUE | B44: 46268.426 | C44: Álvaro Juan Pimentel Paixão | D44: 971 | E44: =IFERROR(__xludf.DUMMYFUNCTION("IF(C44="""", """", XLOOKUP(TRIM(C44), 'COTRATOS ALBUNS 25.2'!E:E, 'COTRATOS ALBUNS 25.2'!D:D, XLOOKUP(TRIM(C44), IMPORTRANGE(""16smdYggRVyzhu5y9HP2ayvW__ybkjb1nkVsCvZrByLM"", ""'COTRATOS 26.1'!B:B""), IMPORTRANGE(""16smdYggRVyzhu5y9HP2ayvW__ybkjb1nkVsCvZr"&"ByLM"", ""'COTRATOS 26.1'!A:A""), """")))"),88483.0) -> 88483 | F44: Studio Day Berlim 24x34 | G44: ADS- ANALISE E DESENVOLVIMENTO DE SISTEMA | I44: M8FJ6MP2 | K44: Finalizado | L44: Lote 2 | M44: DIAGRAMADO | N44: TRUE | O44: =B44+17 -> 46285.426 | P44: 46297 | Q44: =B44 -> 46268.426 | R44: =IF(Q44="", "", Q44+60) -> 46328.426
A45: TRUE | B45: 46296 | C45: Amanda Janaina Silva Lobato | D45: 972 | E45: =IFERROR(__xludf.DUMMYFUNCTION("IF(C45="""", """", XLOOKUP(TRIM(C45), 'COTRATOS ALBUNS 25.2'!E:E, 'COTRATOS ALBUNS 25.2'!D:D, XLOOKUP(TRIM(C45), IMPORTRANGE(""16smdYggRVyzhu5y9HP2ayvW__ybkjb1nkVsCvZrByLM"", ""'COTRATOS 26.1'!B:B""), IMPORTRANGE(""16smdYggRVyzhu5y9HP2ayvW__ybkjb1nkVsCvZr"&"ByLM"", ""'COTRATOS 26.1'!A:A""), """")))"),95114.0) -> 95114 | F45: Prime Book 30X20 | G45: NUTRIÇÃO | I45: YD6NK3R6 | K45: Aguardando Aprovação | M45: DIAGRAMADO | N45: FALSE | O45: =B45+17 -> 46313 | P45: 46310 | R45: =IF(Q45="", "", Q45+60)
A46: TRUE | B46: 46216.493 | C46: Amanda Larisa Sousa De Paiva | D46: 1173 | E46: =IFERROR(__xludf.DUMMYFUNCTION("IF(C46="""", """", XLOOKUP(TRIM(C46), 'COTRATOS ALBUNS 25.2'!E:E, 'COTRATOS ALBUNS 25.2'!D:D, XLOOKUP(TRIM(C46), IMPORTRANGE(""16smdYggRVyzhu5y9HP2ayvW__ybkjb1nkVsCvZrByLM"", ""'COTRATOS 26.1'!B:B""), IMPORTRANGE(""16smdYggRVyzhu5y9HP2ayvW__ybkjb1nkVsCvZr"&"ByLM"", ""'COTRATOS 26.1'!A:A""), """")))"),85414.0) -> 85414 | F46: Studio Day Berlim 24x34 | G46: NUTRIÇÃO | I46: GJZFDJ2T | K46: Finalizado | L46: Lote 7 | N46: TRUE | O46: =B46+17 -> 46233.493 | P46: 46297 | Q46: 46216 | R46: =IF(Q46="", "", Q46+60) -> 46276
A47: TRUE | B47: 46293 | C47: Amanda Larissa Caldas Duarte | D47: 1172 | E47: =IFERROR(__xludf.DUMMYFUNCTION("IF(C47="""", """", XLOOKUP(TRIM(C47), 'COTRATOS ALBUNS 25.2'!E:E, 'COTRATOS ALBUNS 25.2'!D:D, XLOOKUP(TRIM(C47), IMPORTRANGE(""16smdYggRVyzhu5y9HP2ayvW__ybkjb1nkVsCvZrByLM"", ""'COTRATOS 26.1'!B:B""), IMPORTRANGE(""16smdYggRVyzhu5y9HP2ayvW__ybkjb1nkVsCvZr"&"ByLM"", ""'COTRATOS 26.1'!A:A""), """")))"),85250.0) -> 85250 | F47: Studio Day Moscou 30x20 | G47: ODONTOLOGIA | I47: GYCP3TAQ | K47: Aguardando Aprovação | M47: DIAGRAMADO | N47: FALSE | O47: =B47+17 -> 46310 | P47: 46310 | R47: =IF(Q47="", "", Q47+60)
A48: TRUE | B48: 46274 | C48: Amanda Vitória Alves Gil | D48: 1172 | E48: =IFERROR(__xludf.DUMMYFUNCTION("IF(C48="""", """", XLOOKUP(TRIM(C48), 'COTRATOS ALBUNS 25.2'!E:E, 'COTRATOS ALBUNS 25.2'!D:D, XLOOKUP(TRIM(C48), IMPORTRANGE(""16smdYggRVyzhu5y9HP2ayvW__ybkjb1nkVsCvZrByLM"", ""'COTRATOS 26.1'!B:B""), IMPORTRANGE(""16smdYggRVyzhu5y9HP2ayvW__ybkjb1nkVsCvZr"&"ByLM"", ""'COTRATOS 26.1'!A:A""), """")))"),89862.0) -> 89862 | F48: Diamond Book 24X34 | G48: RELAÇÕES INTERNACIONAIS | I48: GW3LGJNF | K48: AGUARDANDO FOTO | N48: FALSE | O48: =B48+17 -> 46291 | R48: =IF(Q48="", "", Q48+60)
A49: TRUE | B49: 46268.426 | C49: Amarildo Lobo Pantoja | D49: 971 | E49: =IFERROR(__xludf.DUMMYFUNCTION("IF(C49="""", """", XLOOKUP(TRIM(C49), 'COTRATOS ALBUNS 25.2'!E:E, 'COTRATOS ALBUNS 25.2'!D:D, XLOOKUP(TRIM(C49), IMPORTRANGE(""16smdYggRVyzhu5y9HP2ayvW__ybkjb1nkVsCvZrByLM"", ""'COTRATOS 26.1'!B:B""), IMPORTRANGE(""16smdYggRVyzhu5y9HP2ayvW__ybkjb1nkVsCvZr"&"ByLM"", ""'COTRATOS 26.1'!A:A""), """")))"),85229.0) -> 85229 | F49: Studio Day Moscou 30x20 | G49: DIREITO | I49: PW9C8V3U | K49: Finalizado | L49: Lote 3 | M49: DIAGRAMADO | N49: TRUE | O49: =B49+17 -> 46285.426 | P49: 46297 | Q49: =B49 -> 46268.426 | R49: =IF(Q49="", "", Q49+60) -> 46328.426
A50: TRUE | B50: 46297 | C50: Ana Beatriz Canto Lopes | D50: 6118 | E50: =IFERROR(__xludf.DUMMYFUNCTION("IF(C50="""", """", XLOOKUP(TRIM(C50), 'COTRATOS ALBUNS 25.2'!E:E, 'COTRATOS ALBUNS 25.2'!D:D, XLOOKUP(TRIM(C50), IMPORTRANGE(""16smdYggRVyzhu5y9HP2ayvW__ybkjb1nkVsCvZrByLM"", ""'COTRATOS 26.1'!B:B""), IMPORTRANGE(""16smdYggRVyzhu5y9HP2ayvW__ybkjb1nkVsCvZr"&"ByLM"", ""'COTRATOS 26.1'!A:A""), """")))"),77138.0) -> 77138 | F50: Prime Book 30X20 | G50: DIREITO | I50: 256S26QC | K50: IMPRESSÃO | L50: Lote 14 | M50: DIAGRAMADO | N50: FALSE | O50: =B50+17 -> 46314 | P50: 46297 | Q50: 46281 | R50: =IF(Q50="", "", Q50+60) -> 46341
A51: TRUE | B51: 46238 | C51: Ana Caroline De Sousa Cohen | D51: 968 | E51: =IFERROR(__xludf.DUMMYFUNCTION("IF(C51="""", """", XLOOKUP(TRIM(C51), 'COTRATOS ALBUNS 25.2'!E:E, 'COTRATOS ALBUNS 25.2'!D:D, XLOOKUP(TRIM(C51), IMPORTRANGE(""16smdYggRVyzhu5y9HP2ayvW__ybkjb1nkVsCvZrByLM"", ""'COTRATOS 26.1'!B:B""), IMPORTRANGE(""16smdYggRVyzhu5y9HP2ayvW__ybkjb1nkVsCvZr"&"ByLM"", ""'COTRATOS 26.1'!A:A""), """")))"),86778.0) -> 86778 | F51: Studio Day Moscou 30x20 | G51: RADIOLOGIA | I51: 3693AA65 | K51: Aguardando Aprovação | M51: DIAGRAMADO | N51: FALSE | O51: =B51+17 -> 46255 | P51: 46266 | R51: =IF(Q51="", "", Q51+60)
A52: TRUE | B52: 46268.427 | C52: Ana Claudia Carneiro De Aquino | D52: 1084 | E52: =IFERROR(__xludf.DUMMYFUNCTION("IF(C52="""", """", XLOOKUP(TRIM(C52), 'COTRATOS ALBUNS 25.2'!E:E, 'COTRATOS ALBUNS 25.2'!D:D, XLOOKUP(TRIM(C52), IMPORTRANGE(""16smdYggRVyzhu5y9HP2ayvW__ybkjb1nkVsCvZrByLM"", ""'COTRATOS 26.1'!B:B""), IMPORTRANGE(""16smdYggRVyzhu5y9HP2ayvW__ybkjb1nkVsCvZr"&"ByLM"", ""'COTRATOS 26.1'!A:A""), """")))"),87526.0) -> 87526 | F52: Studio Day Berlim 24x34 | G52: BIOMEDICINA | I52: AET2VSWL | K52: Finalizado | L52: Lote 4 | M52: DIAGRAMADO | N52: TRUE | O52: =B52+17 -> 46285.427 | P52: 46261 | Q52: 46297 | R52: =IF(Q52="", "", Q52+60) -> 46357
A53: TRUE | B53: 46282 | C53: Ana Cláudia Dos Santos Couto | D53: 996 | E53: =IFERROR(__xludf.DUMMYFUNCTION("IF(C53="""", """", XLOOKUP(TRIM(C53), 'COTRATOS ALBUNS 25.2'!E:E, 'COTRATOS ALBUNS 25.2'!D:D, XLOOKUP(TRIM(C53), IMPORTRANGE(""16smdYggRVyzhu5y9HP2ayvW__ybkjb1nkVsCvZrByLM"", ""'COTRATOS 26.1'!B:B""), IMPORTRANGE(""16smdYggRVyzhu5y9HP2ayvW__ybkjb1nkVsCvZr"&"ByLM"", ""'COTRATOS 26.1'!A:A""), """")))"),86123.0) -> 86123 | F53: Diamond Book 24X34 | G53: ENFERMAGEM | I53: 73S9MB6F | K53: Aguardando Aprovação | M53: DIAGRAMADO | N53: FALSE | O53: =B53+17 -> 46299 | P53: 46309 | R53: =IF(Q53="", "", Q53+60)
A54: TRUE | B54: 46278 | C54: Ana Claudia Reis Rocha | D54: 1066 | E54: =IFERROR(__xludf.DUMMYFUNCTION("IF(C54="""", """", XLOOKUP(TRIM(C54), 'COTRATOS ALBUNS 25.2'!E:E, 'COTRATOS ALBUNS 25.2'!D:D, XLOOKUP(TRIM(C54), IMPORTRANGE(""16smdYggRVyzhu5y9HP2ayvW__ybkjb1nkVsCvZrByLM"", ""'COTRATOS 26.1'!B:B""), IMPORTRANGE(""16smdYggRVyzhu5y9HP2ayvW__ybkjb1nkVsCvZr"&"ByLM"", ""'COTRATOS 26.1'!A:A""), """")))"),70391.0) -> 70391 | F54: Prime Book 30X20 | G54: ENFERMAGEM | I54: HZCHW7RC | K54: Aguardando Aprovação | M54: DIAGRAMADO | N54: FALSE | O54: =B54+17 -> 46295 | P54: 46310 | R54: =IF(Q54="", "", Q54+60)
A55: TRUE | B55: 46283 | C55: Ana da Silva Araújo | D55: 957 | E55: =IFERROR(__xludf.DUMMYFUNCTION("IF(C55="""", """", XLOOKUP(TRIM(C55), 'COTRATOS ALBUNS 25.2'!E:E, 'COTRATOS ALBUNS 25.2'!D:D, XLOOKUP(TRIM(C55), IMPORTRANGE(""16smdYggRVyzhu5y9HP2ayvW__ybkjb1nkVsCvZrByLM"", ""'COTRATOS 26.1'!B:B""), IMPORTRANGE(""16smdYggRVyzhu5y9HP2ayvW__ybkjb1nkVsCvZr"&"ByLM"", ""'COTRATOS 26.1'!A:A""), """")))"),87637.0) -> 87637 | F55: Studio Day Moscou 30x20 | G55: ENFERMAGEM | I55: VREUQR7M | K55: Aprovado | N55: FALSE | O55: =B55+17 -> 46300 | P55: 46309 | Q55: 46311 | R55: =IF(Q55="", "", Q55+60) -> 46371
A56: TRUE | B56: 46268.426 | C56: Ana Karolina Carlos Garcez | D56: 895 | E56: =IFERROR(__xludf.DUMMYFUNCTION("IF(C56="""", """", XLOOKUP(TRIM(C56), 'COTRATOS ALBUNS 25.2'!E:E, 'COTRATOS ALBUNS 25.2'!D:D, XLOOKUP(TRIM(C56), IMPORTRANGE(""16smdYggRVyzhu5y9HP2ayvW__ybkjb1nkVsCvZrByLM"", ""'COTRATOS 26.1'!B:B""), IMPORTRANGE(""16smdYggRVyzhu5y9HP2ayvW__ybkjb1nkVsCvZr"&"ByLM"", ""'COTRATOS 26.1'!A:A""), """")))"),79477.0) -> 79477 | F56: Studio Day Berlim 24x34 | G56: BIOMEDICINA | I56: B2LJC8NN | K56: Finalizado | L56: Lote 3 | M56: DIAGRAMADO | N56: TRUE | O56: =B56+17 -> 46285.426 | P56: 46297 | Q56: =B56 -> 46268.426 | R56: =IF(Q56="", "", Q56+60) -> 46328.426
A57: TRUE | B57: 46274 | C57: Ana Luiza Pinheiro Barreto | D57: 1172 | E57: =IFERROR(__xludf.DUMMYFUNCTION("IF(C57="""", """", XLOOKUP(TRIM(C57), 'COTRATOS ALBUNS 25.2'!E:E, 'COTRATOS ALBUNS 25.2'!D:D, XLOOKUP(TRIM(C57), IMPORTRANGE(""16smdYggRVyzhu5y9HP2ayvW__ybkjb1nkVsCvZrByLM"", ""'COTRATOS 26.1'!B:B""), IMPORTRANGE(""16smdYggRVyzhu5y9HP2ayvW__ybkjb1nkVsCvZr"&"ByLM"", ""'COTRATOS 26.1'!A:A""), """")))"),86106.0) -> 86106 | F57: Studio Day Berlim 24x34 | G57: PEDAGOGIA | I57: TN58YTWA | K57: Aguardando Aprovação | M57: DIAGRAMADO | N57: FALSE | O57: =B57+17 -> 46291 | P57: 46300 | R57: =IF(Q57="", "", Q57+60)
A58: TRUE | B58: 46109 | C58: Ana Maria Perna do Amaral dos Santos | D58: 971 | E58: =IFERROR(__xludf.DUMMYFUNCTION("IF(C58="""", """", XLOOKUP(TRIM(C58), 'COTRATOS ALBUNS 25.2'!E:E, 'COTRATOS ALBUNS 25.2'!D:D, XLOOKUP(TRIM(C58), IMPORTRANGE(""16smdYggRVyzhu5y9HP2ayvW__ybkjb1nkVsCvZrByLM"", ""'COTRATOS 26.1'!B:B""), IMPORTRANGE(""16smdYggRVyzhu5y9HP2ayvW__ybkjb1nkVsCvZr"&"ByLM"", ""'COTRATOS 26.1'!A:A""), """")))"),87580.0) -> 87580 | F58: Studio Day Moscou 30x20 | G58: NUTRIÇÃO | I58: HRZPY97H | K58: Aprovado | M58: DIAGRAMADO | N58: FALSE | O58: =B58+17 -> 46126 | P58: 46266.514 | Q58: 46311 | R58: =IF(Q58="", "", Q58+60) -> 46371
A59: TRUE | B59: 46297 | C59: ANA MERCEDES MONTEIRO DE CASTRO | D59: 988 | E59: =IFERROR(__xludf.DUMMYFUNCTION("IF(C59="""", """", XLOOKUP(TRIM(C59), 'COTRATOS ALBUNS 25.2'!E:E, 'COTRATOS ALBUNS 25.2'!D:D, XLOOKUP(TRIM(C59), IMPORTRANGE(""16smdYggRVyzhu5y9HP2ayvW__ybkjb1nkVsCvZrByLM"", ""'COTRATOS 26.1'!B:B""), IMPORTRANGE(""16smdYggRVyzhu5y9HP2ayvW__ybkjb1nkVsCvZr"&"ByLM"", ""'COTRATOS 26.1'!A:A""), """")))"),70185.0) -> 70185 | F59: Studio Day Moscou 30x20 | G59: ENFERMAGEM | I59: 7P89S7TL | K59: IMPRESSÃO | L59: Lote 14 | M59: DIAGRAMADO | N59: FALSE | O59: =B59+17 -> 46314 | P59: 46297 | Q59: 46276 | R59: =IF(Q59="", "", Q59+60) -> 46336
A60: TRUE | B60: 46224 | C60: Ana Paula Alves Garcia | D60: 1172 | E60: =IFERROR(__xludf.DUMMYFUNCTION("IF(C60="""", """", XLOOKUP(TRIM(C60), 'COTRATOS ALBUNS 25.2'!E:E, 'COTRATOS ALBUNS 25.2'!D:D, XLOOKUP(TRIM(C60), IMPORTRANGE(""16smdYggRVyzhu5y9HP2ayvW__ybkjb1nkVsCvZrByLM"", ""'COTRATOS 26.1'!B:B""), IMPORTRANGE(""16smdYggRVyzhu5y9HP2ayvW__ybkjb1nkVsCvZr"&"ByLM"", ""'COTRATOS 26.1'!A:A""), """")))"),89847.0) -> 89847 | F60: Studio Day Moscou 30x20 | G60: MEDICINA VETERINARIA | I60: 24CE7L5Z | K60: IMPRESSÃO | L60: Lote 16 | M60: DIAGRAMADO | N60: FALSE | O60: =B60+17 -> 46241 | P60: 46245 | Q60: 46245 | R60: =IF(Q60="", "", Q60+60) -> 46305
A61: TRUE | B61: 46268.426 | C61: Ana Paula Brito Medino | D61: 1084 | E61: =IFERROR(__xludf.DUMMYFUNCTION("IF(C61="""", """", XLOOKUP(TRIM(C61), 'COTRATOS ALBUNS 25.2'!E:E, 'COTRATOS ALBUNS 25.2'!D:D, XLOOKUP(TRIM(C61), IMPORTRANGE(""16smdYggRVyzhu5y9HP2ayvW__ybkjb1nkVsCvZrByLM"", ""'COTRATOS 26.1'!B:B""), IMPORTRANGE(""16smdYggRVyzhu5y9HP2ayvW__ybkjb1nkVsCvZr"&"ByLM"", ""'COTRATOS 26.1'!A:A""), """")))"),85920.0) -> 85920 | F61: Studio Day Moscou 30x20 | G61: ENFERMAGEM | I61: 23YC6WUQ | K61: Finalizado | L61: Lote 3 | M61: DIAGRAMADO | N61: TRUE | O61: =B61+17 -> 46285.426 | P61: 46297 | Q61: =B61 -> 46268.426 | R61: =IF(Q61="", "", Q61+60) -> 46328.426
A62: TRUE | B62: 46252 | C62: Ana paula dos Santos Macedo | D62: 958 | E62: =IFERROR(__xludf.DUMMYFUNCTION("IF(C62="""", """", XLOOKUP(TRIM(C62), 'COTRATOS ALBUNS 25.2'!E:E, 'COTRATOS ALBUNS 25.2'!D:D, XLOOKUP(TRIM(C62), IMPORTRANGE(""16smdYggRVyzhu5y9HP2ayvW__ybkjb1nkVsCvZrByLM"", ""'COTRATOS 26.1'!B:B""), IMPORTRANGE(""16smdYggRVyzhu5y9HP2ayvW__ybkjb1nkVsCvZr"&"ByLM"", ""'COTRATOS 26.1'!A:A""), """")))"),95591.0) -> 95591 | F62: Essencial Book 20x20 | G62: FARMÁCIA | I62: 2L3L52KF | K62: Com Modificações | M62: DIAGRAMADO | N62: FALSE | O62: =B62+17 -> 46269 | P62: 46300 | R62: =IF(Q62="", "", Q62+60)
A63: TRUE | B63: 46281 | C63: ANA PAULA SANTOS FARIAS | D63: 1172 | E63: =IFERROR(__xludf.DUMMYFUNCTION("IF(C63="""", """", XLOOKUP(TRIM(C63), 'COTRATOS ALBUNS 25.2'!E:E, 'COTRATOS ALBUNS 25.2'!D:D, XLOOKUP(TRIM(C63), IMPORTRANGE(""16smdYggRVyzhu5y9HP2ayvW__ybkjb1nkVsCvZrByLM"", ""'COTRATOS 26.1'!B:B""), IMPORTRANGE(""16smdYggRVyzhu5y9HP2ayvW__ybkjb1nkVsCvZr"&"ByLM"", ""'COTRATOS 26.1'!A:A""), """")))"),87336.0) -> 87336 | F63: Studio Day Moscou 30x20 | G63: ENFERMAGEM | I63: E2W9WCMN | K63: AGUARDANDO FOTO | M63: DIAGRAMADO | N63: FALSE | O63: =B63+17 -> 46298 | R63: =IF(Q63="", "", Q63+60)
A64: TRUE | B64: 46226.424 | C64: Ana Ruth Assis Da Costa | D64: 1172 | E64: =IFERROR(__xludf.DUMMYFUNCTION("IF(C64="""", """", XLOOKUP(TRIM(C64), 'COTRATOS ALBUNS 25.2'!E:E, 'COTRATOS ALBUNS 25.2'!D:D, XLOOKUP(TRIM(C64), IMPORTRANGE(""16smdYggRVyzhu5y9HP2ayvW__ybkjb1nkVsCvZrByLM"", ""'COTRATOS 26.1'!B:B""), IMPORTRANGE(""16smdYggRVyzhu5y9HP2ayvW__ybkjb1nkVsCvZr"&"ByLM"", ""'COTRATOS 26.1'!A:A""), """")))"),87094.0) -> 87094 | F64: Studio Day Berlim 24x34 | G64: PSICOLOGIA | I64: XRKYZ6FJ | K64: Finalizado | L64: Lote 9 | N64: TRUE | O64: =B64+17 -> 46243.424 | P64: 46297 | Q64: 46227 | R64: =IF(Q64="", "", Q64+60) -> 46287
A65: TRUE | B65: 46297 | C65: Ana Sheyla Pinho De Menezes | D65: 971 | E65: =IFERROR(__xludf.DUMMYFUNCTION("IF(C65="""", """", XLOOKUP(TRIM(C65), 'COTRATOS ALBUNS 25.2'!E:E, 'COTRATOS ALBUNS 25.2'!D:D, XLOOKUP(TRIM(C65), IMPORTRANGE(""16smdYggRVyzhu5y9HP2ayvW__ybkjb1nkVsCvZrByLM"", ""'COTRATOS 26.1'!B:B""), IMPORTRANGE(""16smdYggRVyzhu5y9HP2ayvW__ybkjb1nkVsCvZr"&"ByLM"", ""'COTRATOS 26.1'!A:A""), """")))"),88090.0) -> 88090 | F65: Studio Day Moscou 30x20 | G65: FISIOTERAPIA | I65: YQQTUVDC | K65: Finalizado | L65: Lote 12 | M65: DIAGRAMADO | N65: FALSE | O65: =B65+17 -> 46314 | P65: 46297 | Q65: 46251 | R65: =IF(Q65="", "", Q65+60) -> 46311
A66: TRUE | B66: 46297 | C66: Ana Silva Dos Santos | D66: 1172 | E66: 88863 | F66: Studio Day Moscou 30x20 | G66: ARQUITETURA E URBANISMO | I66: WKCF8SAM | K66: IMPRESSÃO | L66: Lote 14 | N66: FALSE | O66: =B66+17 -> 46314 | Q66: 46297 | R66: =IF(Q66="", "", Q66+60) -> 46357
A67: TRUE | B67: 46268.425 | C67: Ananda Amoedo Przybysz | D67: 1172 | E67: =IFERROR(__xludf.DUMMYFUNCTION("IF(C67="""", """", XLOOKUP(TRIM(C67), 'COTRATOS ALBUNS 25.2'!E:E, 'COTRATOS ALBUNS 25.2'!D:D, XLOOKUP(TRIM(C67), IMPORTRANGE(""16smdYggRVyzhu5y9HP2ayvW__ybkjb1nkVsCvZrByLM"", ""'COTRATOS 26.1'!B:B""), IMPORTRANGE(""16smdYggRVyzhu5y9HP2ayvW__ybkjb1nkVsCvZr"&"ByLM"", ""'COTRATOS 26.1'!A:A""), """")))"),86379.0) -> 86379 | F67: Studio Day Berlim 24x34 | G67: ENGENHARIA CIVIL | I67: 9AA96MZ7 | K67: Finalizado | L67: Lote 4 | M67: DIAGRAMADO | N67: TRUE | O67: =B67+17 -> 46285.425 | P67: 46218 | Q67: 46297 | R67: =IF(Q67="", "", Q67+60) -> 46357
A68: TRUE | B68: 46297 | C68: Andre Augusto Dos Santos Zimmer | D68: 1172 | E68: =IFERROR(__xludf.DUMMYFUNCTION("IF(C68="""", """", XLOOKUP(TRIM(C68), 'COTRATOS ALBUNS 25.2'!E:E, 'COTRATOS ALBUNS 25.2'!D:D, XLOOKUP(TRIM(C68), IMPORTRANGE(""16smdYggRVyzhu5y9HP2ayvW__ybkjb1nkVsCvZrByLM"", ""'COTRATOS 26.1'!B:B""), IMPORTRANGE(""16smdYggRVyzhu5y9HP2ayvW__ybkjb1nkVsCvZr"&"ByLM"", ""'COTRATOS 26.1'!A:A""), """")))"),86969.0) -> 86969 | F68: Studio Day Moscou 30x20 | G68: CIÊNCIAS CONTÁBEIS | I68: 358CBZCX | K68: Finalizado | L68: Lote 13 | M68: DIAGRAMADO | N68: FALSE | O68: =B68+17 -> 46314 | P68: 46297 | Q68: 46266 | R68: =IF(Q68="", "", Q68+60) -> 46326
A69: TRUE | B69: 46297 | C69: Andréa Do Socorro Martins Peres | D69: 937 | E69: =IFERROR(__xludf.DUMMYFUNCTION("IF(C69="""", """", XLOOKUP(TRIM(C69), 'COTRATOS ALBUNS 25.2'!E:E, 'COTRATOS ALBUNS 25.2'!D:D, XLOOKUP(TRIM(C69), IMPORTRANGE(""16smdYggRVyzhu5y9HP2ayvW__ybkjb1nkVsCvZrByLM"", ""'COTRATOS 26.1'!B:B""), IMPORTRANGE(""16smdYggRVyzhu5y9HP2ayvW__ybkjb1nkVsCvZr"&"ByLM"", ""'COTRATOS 26.1'!A:A""), """")))"),87546.0) -> 87546 | F69: Essencial Book 20x20 | G69: ESTETICA E COSMETICA | I69: KFUQZCFF | K69: Finalizado | L69: Lote 12 | M69: DIAGRAMADO | N69: FALSE | O69: =B69+17 -> 46314 | P69: 46297 | Q69: 46254 | R69: =IF(Q69="", "", Q69+60) -> 46314
A70: TRUE | B70: 46212.68 | C70: Andreia Santana De Lima | D70: 1084 | E70: =IFERROR(__xludf.DUMMYFUNCTION("IF(C70="""", """", XLOOKUP(TRIM(C70), 'COTRATOS ALBUNS 25.2'!E:E, 'COTRATOS ALBUNS 25.2'!D:D, XLOOKUP(TRIM(C70), IMPORTRANGE(""16smdYggRVyzhu5y9HP2ayvW__ybkjb1nkVsCvZrByLM"", ""'COTRATOS 26.1'!B:B""), IMPORTRANGE(""16smdYggRVyzhu5y9HP2ayvW__ybkjb1nkVsCvZr"&"ByLM"", ""'COTRATOS 26.1'!A:A""), """")))"),86222.0) -> 86222 | F70: Studio Day Berlim 24x34 | G70: ENFERMAGEM | I70: GX6ZF4Q3 | K70: Finalizado | L70: Lote 7 | N70: TRUE | O70: =B70+17 -> 46229.68 | P70: 46261 | Q70: 46213 | R70: =IF(Q70="", "", Q70+60) -> 46273
A71: TRUE | B71: 46209.649 | C71: Andrêina Emilly Dantas Dos Santos | D71: 1103 | E71: =IFERROR(__xludf.DUMMYFUNCTION("IF(C71="""", """", XLOOKUP(TRIM(C71), 'COTRATOS ALBUNS 25.2'!E:E, 'COTRATOS ALBUNS 25.2'!D:D, XLOOKUP(TRIM(C71), IMPORTRANGE(""16smdYggRVyzhu5y9HP2ayvW__ybkjb1nkVsCvZrByLM"", ""'COTRATOS 26.1'!B:B""), IMPORTRANGE(""16smdYggRVyzhu5y9HP2ayvW__ybkjb1nkVsCvZr"&"ByLM"", ""'COTRATOS 26.1'!A:A""), """")))"),90193.0) -> 90193 | F71: Studio Day Moscou 30x20 | G71: ENFERMAGEM | I71: MBJMPNBQ | K71: Finalizado | L71: Lote 7 | N71: TRUE | O71: =B71+17 -> 46226.649 | P71: 46297 | Q71: 46211 | R71: =IF(Q71="", "", Q71+60) -> 46271
A72: TRUE | B72: 46216.461 | C72: Andressa Da Costa Monteiro | D72: 850 | E72: =IFERROR(__xludf.DUMMYFUNCTION("IF(C72="""", """", XLOOKUP(TRIM(C72), 'COTRATOS ALBUNS 25.2'!E:E, 'COTRATOS ALBUNS 25.2'!D:D, XLOOKUP(TRIM(C72), IMPORTRANGE(""16smdYggRVyzhu5y9HP2ayvW__ybkjb1nkVsCvZrByLM"", ""'COTRATOS 26.1'!B:B""), IMPORTRANGE(""16smdYggRVyzhu5y9HP2ayvW__ybkjb1nkVsCvZr"&"ByLM"", ""'COTRATOS 26.1'!A:A""), """")))"),86653.0) -> 86653 | F72: Studio Day Moscou 30x20 | G72: ENFERMAGEM | I72: LZVQAGLW | K72: Finalizado | L72: Lote 7 | N72: TRUE | O72: =B72+17 -> 46233.461 | P72: 46297 | Q72: 46216 | R72: =IF(Q72="", "", Q72+60) -> 46276
A73: TRUE | B73: 46297 | C73: Andrey Borges Do Rosario Dos Reis | D73: 1099 | E73: =IFERROR(__xludf.DUMMYFUNCTION("IF(C73="""", """", XLOOKUP(TRIM(C73), 'COTRATOS ALBUNS 25.2'!E:E, 'COTRATOS ALBUNS 25.2'!D:D, XLOOKUP(TRIM(C73), IMPORTRANGE(""16smdYggRVyzhu5y9HP2ayvW__ybkjb1nkVsCvZrByLM"", ""'COTRATOS 26.1'!B:B""), IMPORTRANGE(""16smdYggRVyzhu5y9HP2ayvW__ybkjb1nkVsCvZr"&"ByLM"", ""'COTRATOS 26.1'!A:A""), """")))"),95017.0) -> 95017 | F73: Essencial Book 20x20 | G73: CIÊNCIAS CONTÁBEIS | I73: WRAG5X5Z | K73: IMPRESSÃO | L73: Lote 14 | M73: DIAGRAMADO | N73: FALSE | O73: =B73+17 -> 46314 | P73: 46297 | Q73: 46245 | R73: =IF(Q73="", "", Q73+60) -> 46305
A74: TRUE | B74: 46290 | C74: Andreza Kerolayne Rodrigues De Moraes | D74: 1179 | E74: =IFERROR(__xludf.DUMMYFUNCTION("IF(C74="""", """", XLOOKUP(TRIM(C74), 'COTRATOS ALBUNS 25.2'!E:E, 'COTRATOS ALBUNS 25.2'!D:D, XLOOKUP(TRIM(C74), IMPORTRANGE(""16smdYggRVyzhu5y9HP2ayvW__ybkjb1nkVsCvZrByLM"", ""'COTRATOS 26.1'!B:B""), IMPORTRANGE(""16smdYggRVyzhu5y9HP2ayvW__ybkjb1nkVsCvZr"&"ByLM"", ""'COTRATOS 26.1'!A:A""), """")))"),94498.0) -> 94498 | F74: Diamond Book 24X34 | G74: CIÊNCIAS CONTÁBEIS | I74: U2YVF4XA | K74: Aguardando Aprovação | M74: DIAGRAMADO | N74: FALSE | O74: =B74+17 -> 46307 | P74: 46310 | R74: =IF(Q74="", "", Q74+60)
A75: TRUE | B75: 46209.623 | C75: Anna Thereza Feliz Furtado | D75: 1084 | E75: =IFERROR(__xludf.DUMMYFUNCTION("IF(C75="""", """", XLOOKUP(TRIM(C75), 'COTRATOS ALBUNS 25.2'!E:E, 'COTRATOS ALBUNS 25.2'!D:D, XLOOKUP(TRIM(C75), IMPORTRANGE(""16smdYggRVyzhu5y9HP2ayvW__ybkjb1nkVsCvZrByLM"", ""'COTRATOS 26.1'!B:B""), IMPORTRANGE(""16smdYggRVyzhu5y9HP2ayvW__ybkjb1nkVsCvZr"&"ByLM"", ""'COTRATOS 26.1'!A:A""), """")))"),86991.0) -> 86991 | F75: Studio Day Berlim 24x34 | G75: MEDICINA VETERINARIA | I75: KTGZH8D8 | K75: Finalizado | L75: Lote 7 | N75: TRUE | O75: =B75+17 -> 46226.623 | P75: 46297 | Q75: 46211 | R75: =IF(Q75="", "", Q75+60) -> 46271
A76: TRUE | B76: 46297 | C76: Anny Caroline Moura Rodrigues | D76: 1172 | E76: =IFERROR(__xludf.DUMMYFUNCTION("IF(C76="""", """", XLOOKUP(TRIM(C76), 'COTRATOS ALBUNS 25.2'!E:E, 'COTRATOS ALBUNS 25.2'!D:D, XLOOKUP(TRIM(C76), IMPORTRANGE(""16smdYggRVyzhu5y9HP2ayvW__ybkjb1nkVsCvZrByLM"", ""'COTRATOS 26.1'!B:B""), IMPORTRANGE(""16smdYggRVyzhu5y9HP2ayvW__ybkjb1nkVsCvZr"&"ByLM"", ""'COTRATOS 26.1'!A:A""), """")))"),88585.0) -> 88585 | F76: Studio Day Berlim 24x34 | G76: ENFERMAGEM | I76: 7CLDN9UT | K76: Finalizado | L76: Lote 12 | M76: DIAGRAMADO | N76: FALSE | O76: =B76+17 -> 46314 | P76: 46297 | Q76: 46246 | R76: =IF(Q76="", "", Q76+60) -> 46306
A77: TRUE | B77: 46229.858 | C77: Antonio Claudio Da Silva Sousa | D77: 621 | E77: =IFERROR(__xludf.DUMMYFUNCTION("IF(C77="""", """", XLOOKUP(TRIM(C77), 'COTRATOS ALBUNS 25.2'!E:E, 'COTRATOS ALBUNS 25.2'!D:D, XLOOKUP(TRIM(C77), IMPORTRANGE(""16smdYggRVyzhu5y9HP2ayvW__ybkjb1nkVsCvZrByLM"", ""'COTRATOS 26.1'!B:B""), IMPORTRANGE(""16smdYggRVyzhu5y9HP2ayvW__ybkjb1nkVsCvZr"&"ByLM"", ""'COTRATOS 26.1'!A:A""), """")))"),88707.0) -> 88707 | F77: Studio Day Moscou 30x20 | G77: FARMÁCIA | I77: JY9SDCRN | K77: Finalizado | L77: Lote 10 | M77: DIAGRAMADO | N77: TRUE | O77: =B77+17 -> 46246.858 | P77: 46297 | Q77: 46200 | R77: =IF(Q77="", "", Q77+60) -> 46260
A78: TRUE | B78: 46296.468 | C78: Antonio Rômulo Costa Alves | D78: 971 | E78: =IFERROR(__xludf.DUMMYFUNCTION("IF(C78="""", """", XLOOKUP(TRIM(C78), 'COTRATOS ALBUNS 25.2'!E:E, 'COTRATOS ALBUNS 25.2'!D:D, XLOOKUP(TRIM(C78), IMPORTRANGE(""16smdYggRVyzhu5y9HP2ayvW__ybkjb1nkVsCvZrByLM"", ""'COTRATOS 26.1'!B:B""), IMPORTRANGE(""16smdYggRVyzhu5y9HP2ayvW__ybkjb1nkVsCvZr"&"ByLM"", ""'COTRATOS 26.1'!A:A""), """")))"),85083.0) -> 85083 | F78: Studio Day Berlim 24x34 | G78: DIREITO | I78: M8BAJSSU | K78: Finalizado | L78: Lote 7 | N78: TRUE | O78: =B78+17 -> 46313.468 | P78: 46297 | Q78: 46216 | R78: =IF(Q78="", "", Q78+60) -> 46276
A79: TRUE | B79: 46297 | C79: Ariel Maria Da Silva Pacheco | D79: 964 | E79: =IFERROR(__xludf.DUMMYFUNCTION("IF(C79="""", """", XLOOKUP(TRIM(C79), 'COTRATOS ALBUNS 25.2'!E:E, 'COTRATOS ALBUNS 25.2'!D:D, XLOOKUP(TRIM(C79), IMPORTRANGE(""16smdYggRVyzhu5y9HP2ayvW__ybkjb1nkVsCvZrByLM"", ""'COTRATOS 26.1'!B:B""), IMPORTRANGE(""16smdYggRVyzhu5y9HP2ayvW__ybkjb1nkVsCvZr"&"ByLM"", ""'COTRATOS 26.1'!A:A""), """")))"),85891.0) -> 85891 | F79: Moscou 30X20 | G79: CIÊNCIAS CONTÁBEIS | I79: Z923BPUX | K79: IMPRESSÃO | L79: Lote 16 | M79: DIAGRAMADO | N79: FALSE | O79: =B79+17 -> 46314 | P79: 46297 | Q79: 46297 | R79: =IF(Q79="", "", Q79+60) -> 46357
A80: TRUE | B80: 46268.425 | C80: Ariel Silva Diniz | D80: 1173 | E80: =IFERROR(__xludf.DUMMYFUNCTION("IF(C80="""", """", XLOOKUP(TRIM(C80), 'COTRATOS ALBUNS 25.2'!E:E, 'COTRATOS ALBUNS 25.2'!D:D, XLOOKUP(TRIM(C80), IMPORTRANGE(""16smdYggRVyzhu5y9HP2ayvW__ybkjb1nkVsCvZrByLM"", ""'COTRATOS 26.1'!B:B""), IMPORTRANGE(""16smdYggRVyzhu5y9HP2ayvW__ybkjb1nkVsCvZr"&"ByLM"", ""'COTRATOS 26.1'!A:A""), """")))"),85411.0) -> 85411 | F80: Studio Day Moscou 30x20 | G80: BIOMEDICINA | I80: T7RNKTCV | K80: Finalizado | L80: Lote 3 | M80: DIAGRAMADO | N80: TRUE | O80: =B80+17 -> 46285.425 | P80: 46297 | Q80: =B80 -> 46268.425 | R80: =IF(Q80="", "", Q80+60) -> 46328.425
A81: TRUE | B81: 46259 | C81: Arthur Diniz Campos De Souza | D81: 968 | E81: =IFERROR(__xludf.DUMMYFUNCTION("IF(C81="""", """", XLOOKUP(TRIM(C81), 'COTRATOS ALBUNS 25.2'!E:E, 'COTRATOS ALBUNS 25.2'!D:D, XLOOKUP(TRIM(C81), IMPORTRANGE(""16smdYggRVyzhu5y9HP2ayvW__ybkjb1nkVsCvZrByLM"", ""'COTRATOS 26.1'!B:B""), IMPORTRANGE(""16smdYggRVyzhu5y9HP2ayvW__ybkjb1nkVsCvZr"&"ByLM"", ""'COTRATOS 26.1'!A:A""), """")))"),87996.0) -> 87996 | F81: Prime Book 30X20 | G81: DIREITO | I81: EEQ6LUMT | K81: Aguardando Aprovação | M81: DIAGRAMADO | N81: FALSE | O81: =B81+17 -> 46276 | P81: 46287 | R81: =IF(Q81="", "", Q81+60)
A82: TRUE | B82: 46275.751 | C82: Arthur Silva De Souza | D82: 968 | E82: =IFERROR(__xludf.DUMMYFUNCTION("IF(C82="""", """", XLOOKUP(TRIM(C82), 'COTRATOS ALBUNS 25.2'!E:E, 'COTRATOS ALBUNS 25.2'!D:D, XLOOKUP(TRIM(C82), IMPORTRANGE(""16smdYggRVyzhu5y9HP2ayvW__ybkjb1nkVsCvZrByLM"", ""'COTRATOS 26.1'!B:B""), IMPORTRANGE(""16smdYggRVyzhu5y9HP2ayvW__ybkjb1nkVsCvZr"&"ByLM"", ""'COTRATOS 26.1'!A:A""), """")))"),80929.0) -> 80929 | F82: Studio Day Moscou 30x20 | G82: ADS- ANALISE E DESENVOLVIMENTO DE SISTEMA | I82: SFXN3CPU | K82: Finalizado | L82: Lote 8 | N82: TRUE | O82: =B82+17 -> 46292.751 | P82: 46297 | Q82: 46219 | R82: =IF(Q82="", "", Q82+60) -> 46279
A83: TRUE | B83: 46297 | C83: Arthur Sousa Do Nascimento | D83: 1177 | E83: =IFERROR(__xludf.DUMMYFUNCTION("IF(C83="""", """", XLOOKUP(TRIM(C83), 'COTRATOS ALBUNS 25.2'!E:E, 'COTRATOS ALBUNS 25.2'!D:D, XLOOKUP(TRIM(C83), IMPORTRANGE(""16smdYggRVyzhu5y9HP2ayvW__ybkjb1nkVsCvZrByLM"", ""'COTRATOS 26.1'!B:B""), IMPORTRANGE(""16smdYggRVyzhu5y9HP2ayvW__ybkjb1nkVsCvZr"&"ByLM"", ""'COTRATOS 26.1'!A:A""), """")))"),88392.0) -> 88392 | F83: Moscou 30X20 | G83: ODONTOLOGIA | I83: T3YBDMF3 | K83: IMPRESSÃO | L83: Lote 15 | M83: DIAGRAMADO | N83: FALSE | O83: =B83+17 -> 46314 | P83: 46282 | Q83: 46297 | R83: =IF(Q83="", "", Q83+60) -> 46357
A84: TRUE | B84: 46268.426 | C84: Artur Diniz Araujo De Vilhena | D84: 971 | E84: =IFERROR(__xludf.DUMMYFUNCTION("IF(C84="""", """", XLOOKUP(TRIM(C84), 'COTRATOS ALBUNS 25.2'!E:E, 'COTRATOS ALBUNS 25.2'!D:D, XLOOKUP(TRIM(C84), IMPORTRANGE(""16smdYggRVyzhu5y9HP2ayvW__ybkjb1nkVsCvZrByLM"", ""'COTRATOS 26.1'!B:B""), IMPORTRANGE(""16smdYggRVyzhu5y9HP2ayvW__ybkjb1nkVsCvZr"&"ByLM"", ""'COTRATOS 26.1'!A:A""), """")))"),86928.0) -> 86928 | F84: Moscou 30X20 | G84: CIENCIA DA COMPUTAÇÃO | I84: UMMCFBQS | K84: Finalizado | L84: Lote 2 | M84: DIAGRAMADO | N84: TRUE | O84: =B84+17 -> 46285.426 | P84: 46297 | Q84: =B84 -> 46268.426 | R84: =IF(Q84="", "", Q84+60) -> 46328.426
A85: TRUE | B85: 46279 | C85: Aryadne Cristine Salgado Gonçalves | D85: 1177 | E85: =IFERROR(__xludf.DUMMYFUNCTION("IF(C85="""", """", XLOOKUP(TRIM(C85), 'COTRATOS ALBUNS 25.2'!E:E, 'COTRATOS ALBUNS 25.2'!D:D, XLOOKUP(TRIM(C85), IMPORTRANGE(""16smdYggRVyzhu5y9HP2ayvW__ybkjb1nkVsCvZrByLM"", ""'COTRATOS 26.1'!B:B""), IMPORTRANGE(""16smdYggRVyzhu5y9HP2ayvW__ybkjb1nkVsCvZr"&"ByLM"", ""'COTRATOS 26.1'!A:A""), """")))"),88247.0) -> 88247 | F85: Moscou 30X20 | G85: PSICOLOGIA | I85: L6ABZTWJ | K85: Aguardando Aprovação | M85: DIAGRAMADO | N85: FALSE | O85: =B85+17 -> 46296 | P85: 46309 | R85: =IF(Q85="", "", Q85+60)
A86: TRUE | B86: 46226.385 | C86: Beatriz Coimbra Silva De Almeida | D86: 1173 | E86: =IFERROR(__xludf.DUMMYFUNCTION("IF(C86="""", """", XLOOKUP(TRIM(C86), 'COTRATOS ALBUNS 25.2'!E:E, 'COTRATOS ALBUNS 25.2'!D:D, XLOOKUP(TRIM(C86), IMPORTRANGE(""16smdYggRVyzhu5y9HP2ayvW__ybkjb1nkVsCvZrByLM"", ""'COTRATOS 26.1'!B:B""), IMPORTRANGE(""16smdYggRVyzhu5y9HP2ayvW__ybkjb1nkVsCvZr"&"ByLM"", ""'COTRATOS 26.1'!A:A""), """")))"),87819.0) -> 87819 | F86: Studio Day Moscou 30x20 | G86: NUTRIÇÃO | I86: EEZG7TRP | K86: Finalizado | L86: Lote 9 | M86: DIAGRAMADO | N86: TRUE | O86: =B86+17 -> 46243.385 | P86: 46297 | Q86: 46226 | R86: =IF(Q86="", "", Q86+60) -> 46286
A87: TRUE | B87: 46232 | C87: Benedita Batista Ferreira | D87: 994 | E87: =IFERROR(__xludf.DUMMYFUNCTION("IF(C87="""", """", XLOOKUP(TRIM(C87), 'COTRATOS ALBUNS 25.2'!E:E, 'COTRATOS ALBUNS 25.2'!D:D, XLOOKUP(TRIM(C87), IMPORTRANGE(""16smdYggRVyzhu5y9HP2ayvW__ybkjb1nkVsCvZrByLM"", ""'COTRATOS 26.1'!B:B""), IMPORTRANGE(""16smdYggRVyzhu5y9HP2ayvW__ybkjb1nkVsCvZr"&"ByLM"", ""'COTRATOS 26.1'!A:A""), """")))"),87901.0) -> 87901 | F87: Studio Day Moscou 30x20 | G87: GASTRONOMIA | I87: NAZY3FZF | K87: Aguardando Aprovação | M87: DIAGRAMADO | N87: FALSE | O87: =B87+17 -> 46249 | P87: 46265 | R87: =IF(Q87="", "", Q87+60)
A88: TRUE | B88: 46246.606 | C88: Bianca Padilha Duarte da Silva | D88: 850 | E88: =IFERROR(__xludf.DUMMYFUNCTION("IF(C88="""", """", XLOOKUP(TRIM(C88), 'COTRATOS ALBUNS 25.2'!E:E, 'COTRATOS ALBUNS 25.2'!D:D, XLOOKUP(TRIM(C88), IMPORTRANGE(""16smdYggRVyzhu5y9HP2ayvW__ybkjb1nkVsCvZrByLM"", ""'COTRATOS 26.1'!B:B""), IMPORTRANGE(""16smdYggRVyzhu5y9HP2ayvW__ybkjb1nkVsCvZr"&"ByLM"", ""'COTRATOS 26.1'!A:A""), """")))"),88394.0) -> 88394 | F88: Studio Day Berlim 24x34 | G88: FISIOTERAPIA | I88: LLMEMUMF | K88: Finalizado | L88: Lote 11 | M88: DIAGRAMADO | N88: TRUE | O88: =B88+17 -> 46263.606 | P88: 46297 | Q88: 46246 | R88: =IF(Q88="", "", Q88+60) -> 46306
A89: TRUE | B89: 46297 | C89: Bianca Pereira De Souza | D89: 1172 | E89: =IFERROR(__xludf.DUMMYFUNCTION("IF(C89="""", """", XLOOKUP(TRIM(C89), 'COTRATOS ALBUNS 25.2'!E:E, 'COTRATOS ALBUNS 25.2'!D:D, XLOOKUP(TRIM(C89), IMPORTRANGE(""16smdYggRVyzhu5y9HP2ayvW__ybkjb1nkVsCvZrByLM"", ""'COTRATOS 26.1'!B:B""), IMPORTRANGE(""16smdYggRVyzhu5y9HP2ayvW__ybkjb1nkVsCvZr"&"ByLM"", ""'COTRATOS 26.1'!A:A""), """")))"),85573.0) -> 85573 | F89: Studio Day Moscou 30x20 | G89: DESIGN GRAFICO | I89: BBXL9FKU | K89: Finalizado | L89: Lote 12 | M89: DIAGRAMADO | N89: FALSE | O89: =B89+17 -> 46314 | P89: 46297 | Q89: 46245 | R89: =IF(Q89="", "", Q89+60) -> 46305
A90: TRUE | B90: 46242.601 | C90: Brenda Cunha Siqueira | D90: 850 | E90: =IFERROR(__xludf.DUMMYFUNCTION("IF(C90="""", """", XLOOKUP(TRIM(C90), 'COTRATOS ALBUNS 25.2'!E:E, 'COTRATOS ALBUNS 25.2'!D:D, XLOOKUP(TRIM(C90), IMPORTRANGE(""16smdYggRVyzhu5y9HP2ayvW__ybkjb1nkVsCvZrByLM"", ""'COTRATOS 26.1'!B:B""), IMPORTRANGE(""16smdYggRVyzhu5y9HP2ayvW__ybkjb1nkVsCvZr"&"ByLM"", ""'COTRATOS 26.1'!A:A""), """")))"),80693.0) -> 80693 | F90: Studio Day Berlim 24x34 | G90: FARMÁCIA | I90: 44XDE6HX | K90: Finalizado | L90: Lote 10 | M90: DIAGRAMADO | N90: TRUE | O90: =B90+17 -> 46259.601 | P90: 46297 | Q90: 46242.39 | R90: =IF(Q90="", "", Q90+60) -> 46302.39
A91: TRUE | B91: 46210.854 | C91: Brenda Dryelle De Melo Rocha | D91: 1103 | E91: =IFERROR(__xludf.DUMMYFUNCTION("IF(C91="""", """", XLOOKUP(TRIM(C91), 'COTRATOS ALBUNS 25.2'!E:E, 'COTRATOS ALBUNS 25.2'!D:D, XLOOKUP(TRIM(C91), IMPORTRANGE(""16smdYggRVyzhu5y9HP2ayvW__ybkjb1nkVsCvZrByLM"", ""'COTRATOS 26.1'!B:B""), IMPORTRANGE(""16smdYggRVyzhu5y9HP2ayvW__ybkjb1nkVsCvZr"&"ByLM"", ""'COTRATOS 26.1'!A:A""), """")))"),78221.0) -> 78221 | F91: Studio Day Moscou 30x20 | G91: ENFERMAGEM | I91: 4Q7UT3ZZ | K91: Finalizado | L91: Lote 9 | N91: TRUE | O91: =B91+17 -> 46227.854 | P91: 46297 | Q91: 46224 | R91: =IF(Q91="", "", Q91+60) -> 46284
A92: TRUE | B92: 46268.426 | C92: BRENDA MESQUITA DE SOUSA | D92: 904 | E92: =IFERROR(__xludf.DUMMYFUNCTION("IF(C92="""", """", XLOOKUP(TRIM(C92), 'COTRATOS ALBUNS 25.2'!E:E, 'COTRATOS ALBUNS 25.2'!D:D, XLOOKUP(TRIM(C92), IMPORTRANGE(""16smdYggRVyzhu5y9HP2ayvW__ybkjb1nkVsCvZrByLM"", ""'COTRATOS 26.1'!B:B""), IMPORTRANGE(""16smdYggRVyzhu5y9HP2ayvW__ybkjb1nkVsCvZr"&"ByLM"", ""'COTRATOS 26.1'!A:A""), """")))"),87476.0) -> 87476 | F92: Studio Day Moscou 30x20 | G92: RADIOLOGIA | I92: URTPPGYH | K92: Finalizado | L92: Lote 2 | M92: DIAGRAMADO | N92: TRUE | O92: =B92+17 -> 46285.426 | P92: 46297 | Q92: =B92 -> 46268.426 | R92: =IF(Q92="", "", Q92+60) -> 46328.426
A93: TRUE | B93: 46209.368 | C93: Brendon Kayky Marinho Sarmento | D93: 968 | E93: =IFERROR(__xludf.DUMMYFUNCTION("IF(C93="""", """", XLOOKUP(TRIM(C93), 'COTRATOS ALBUNS 25.2'!E:E, 'COTRATOS ALBUNS 25.2'!D:D, XLOOKUP(TRIM(C93), IMPORTRANGE(""16smdYggRVyzhu5y9HP2ayvW__ybkjb1nkVsCvZrByLM"", ""'COTRATOS 26.1'!B:B""), IMPORTRANGE(""16smdYggRVyzhu5y9HP2ayvW__ybkjb1nkVsCvZr"&"ByLM"", ""'COTRATOS 26.1'!A:A""), """")))"),86842.0) -> 86842 | F93: Studio Day Moscou 30x20 | G93: DIREITO | I93: 5ZW3CMJA | K93: Finalizado | L93: Lote 7 | N93: TRUE | O93: =B93+17 -> 46226.368 | P93: 46297 | Q93: 46211 | R93: =IF(Q93="", "", Q93+60) -> 46271
A94: TRUE | B94: 46268.426 | C94: Bruna Lorrany Dias da Silva | D94: 968 | E94: =IFERROR(__xludf.DUMMYFUNCTION("IF(C94="""", """", XLOOKUP(TRIM(C94), 'COTRATOS ALBUNS 25.2'!E:E, 'COTRATOS ALBUNS 25.2'!D:D, XLOOKUP(TRIM(C94), IMPORTRANGE(""16smdYggRVyzhu5y9HP2ayvW__ybkjb1nkVsCvZrByLM"", ""'COTRATOS 26.1'!B:B""), IMPORTRANGE(""16smdYggRVyzhu5y9HP2ayvW__ybkjb1nkVsCvZr"&"ByLM"", ""'COTRATOS 26.1'!A:A""), """")))"),86643.0) -> 86643 | F94: Studio Day Moscou 30x20 | G94: DIREITO | I94: 7RB3VLX9 | K94: Finalizado | L94: Lote 3 | M94: DIAGRAMADO | N94: TRUE | O94: =B94+17 -> 46285.426 | P94: 46297 | Q94: =B94 -> 46268.426 | R94: =IF(Q94="", "", Q94+60) -> 46328.426
A95: TRUE | B95: 46219 | C95: Bruna Marcelly Sales Matias | D95: 1172 | E95: 86097 | F95: Studio Day Berlim 24x34 | I95: 8HBDCK53 | K95: Finalizado | L95: Lote 10 | M95: DIAGRAMADO | N95: TRUE | O95: =B95+17 -> 46236 | Q95: 46242 | R95: =IF(Q95="", "", Q95+60) -> 46302
A96: TRUE | B96: 46297 | C96: Bruna Michelle De Souza Bitencourt | D96: 824 | E96: =IFERROR(__xludf.DUMMYFUNCTION("IF(C96="""", """", XLOOKUP(TRIM(C96), 'COTRATOS ALBUNS 25.2'!E:E, 'COTRATOS ALBUNS 25.2'!D:D, XLOOKUP(TRIM(C96), IMPORTRANGE(""16smdYggRVyzhu5y9HP2ayvW__ybkjb1nkVsCvZrByLM"", ""'COTRATOS 26.1'!B:B""), IMPORTRANGE(""16smdYggRVyzhu5y9HP2ayvW__ybkjb1nkVsCvZr"&"ByLM"", ""'COTRATOS 26.1'!A:A""), """")))"),85753.0) -> 85753 | F96: Studio Day Moscou 30x20 | G96: MEDICINA VETERINARIA | I96: K4PN3P5W | K96: Finalizado | L96: Lote 13 | M96: DIAGRAMADO | N96: FALSE | O96: =B96+17 -> 46314 | P96: 46297 | Q96: 46256 | R96: =IF(Q96="", "", Q96+60) -> 46316
A97: TRUE | B97: 46261 | C97: Camilly Freire Araújo | D97: 968 | E97: =IFERROR(__xludf.DUMMYFUNCTION("IF(C97="""", """", XLOOKUP(TRIM(C97), 'COTRATOS ALBUNS 25.2'!E:E, 'COTRATOS ALBUNS 25.2'!D:D, XLOOKUP(TRIM(C97), IMPORTRANGE(""16smdYggRVyzhu5y9HP2ayvW__ybkjb1nkVsCvZrByLM"", ""'COTRATOS 26.1'!B:B""), IMPORTRANGE(""16smdYggRVyzhu5y9HP2ayvW__ybkjb1nkVsCvZr"&"ByLM"", ""'COTRATOS 26.1'!A:A""), """")))"),94416.0) -> 94416 | F97: Diamond Book 24X34 | G97: ARQUITETURA E URBANISMO | I97: 2BCRCVC3 | K97: Com Modificações | M97: DIAGRAMADO | N97: FALSE | O97: =B97+17 -> 46278 | P97: 46300 | R97: =IF(Q97="", "", Q97+60)
A98: TRUE | B98: 46276 | C98: Camily Lira dos Anjos Rodrigues | D98: 1172 | E98: =IFERROR(__xludf.DUMMYFUNCTION("IF(C98="""", """", XLOOKUP(TRIM(C98), 'COTRATOS ALBUNS 25.2'!E:E, 'COTRATOS ALBUNS 25.2'!D:D, XLOOKUP(TRIM(C98), IMPORTRANGE(""16smdYggRVyzhu5y9HP2ayvW__ybkjb1nkVsCvZrByLM"", ""'COTRATOS 26.1'!B:B""), IMPORTRANGE(""16smdYggRVyzhu5y9HP2ayvW__ybkjb1nkVsCvZr"&"ByLM"", ""'COTRATOS 26.1'!A:A""), """")))"),86678.0) -> 86678 | F98: Studio Day Moscou 30x20 | G98: ADMINISTRAÇÃO | I98: EL96PUV3 | K98: DIAGRAMADO | M98: DIAGRAMADO | N98: FALSE | O98: =B98+17 -> 46293 | R98: =IF(Q98="", "", Q98+60)
A99: TRUE | B99: 46212.871 | C99: Carlos Alberto Monteiro De LIMA Junior | D99: 953 | E99: =IFERROR(__xludf.DUMMYFUNCTION("IF(C99="""", """", XLOOKUP(TRIM(C99), 'COTRATOS ALBUNS 25.2'!E:E, 'COTRATOS ALBUNS 25.2'!D:D, XLOOKUP(TRIM(C99), IMPORTRANGE(""16smdYggRVyzhu5y9HP2ayvW__ybkjb1nkVsCvZrByLM"", ""'COTRATOS 26.1'!B:B""), IMPORTRANGE(""16smdYggRVyzhu5y9HP2ayvW__ybkjb1nkVsCvZr"&"ByLM"", ""'COTRATOS 26.1'!A:A""), """")))"),88837.0) -> 88837 | F99: Studio Day Berlim 24x34 | G99: EDUCAÇAO FISICA | I99: 8GT27HX4 | K99: Finalizado | L99: Lote 7 | N99: TRUE | O99: =B99+17 -> 46229.871 | P99: 46297 | Q99: 46213 | R99: =IF(Q99="", "", Q99+60) -> 46273
A100: TRUE | B100: 46262 | C100: Carolina Gouvêa Figueira | D100: 953 | E100: =IFERROR(__xludf.DUMMYFUNCTION("IF(C100="""", """", XLOOKUP(TRIM(C100), 'COTRATOS ALBUNS 25.2'!E:E, 'COTRATOS ALBUNS 25.2'!D:D, XLOOKUP(TRIM(C100), IMPORTRANGE(""16smdYggRVyzhu5y9HP2ayvW__ybkjb1nkVsCvZrByLM"", ""'COTRATOS 26.1'!B:B""), IMPORTRANGE(""16smdYggRVyzhu5y9HP2ayvW__ybkjb1nkVsC"&"vZrByLM"", ""'COTRATOS 26.1'!A:A""), """")))"),82758.0) -> 82758 | F100: Diamond Book 24X34 | G100: FISIOTERAPIA | I100: H5QF3M7N | K100: Aguardando Aprovação | M100: DIAGRAMADO | N100: FALSE | O100: =B100+17 -> 46279 | P100: 46288 | R100: =IF(Q100="", "", Q100+60)
A101: TRUE | B101: 46275.751 | C101: Caroline Larissa Da Silva Dos Santos | D101: 957 | E101: =IFERROR(__xludf.DUMMYFUNCTION("IF(C101="""", """", XLOOKUP(TRIM(C101), 'COTRATOS ALBUNS 25.2'!E:E, 'COTRATOS ALBUNS 25.2'!D:D, XLOOKUP(TRIM(C101), IMPORTRANGE(""16smdYggRVyzhu5y9HP2ayvW__ybkjb1nkVsCvZrByLM"", ""'COTRATOS 26.1'!B:B""), IMPORTRANGE(""16smdYggRVyzhu5y9HP2ayvW__ybkjb1nkVsC"&"vZrByLM"", ""'COTRATOS 26.1'!A:A""), """")))"),75588.0) -> 75588 | F101: Studio Day Berlim 24x34 | G101: EDUCAÇAO FISICA | I101: DSRVPBBV | K101: Finalizado | L101: Lote 8 | N101: TRUE | O101: =B101+17 -> 46292.751 | P101: 46297 | Q101: 46219 | R101: =IF(Q101="", "", Q101+60) -> 46279
A102: TRUE | B102: 46297 | C102: Caroliny De Souza Silva | D102: 1172 | E102: =IFERROR(__xludf.DUMMYFUNCTION("IF(C102="""", """", XLOOKUP(TRIM(C102), 'COTRATOS ALBUNS 25.2'!E:E, 'COTRATOS ALBUNS 25.2'!D:D, XLOOKUP(TRIM(C102), IMPORTRANGE(""16smdYggRVyzhu5y9HP2ayvW__ybkjb1nkVsCvZrByLM"", ""'COTRATOS 26.1'!B:B""), IMPORTRANGE(""16smdYggRVyzhu5y9HP2ayvW__ybkjb1nkVsC"&"vZrByLM"", ""'COTRATOS 26.1'!A:A""), """")))"),86523.0) -> 86523 | F102: Studio Day Moscou 30x20 | G102: FISIOTERAPIA | I102: UTPFYQ74 | K102: Finalizado | L102: Lote 12 | M102: DIAGRAMADO | N102: FALSE | O102: =B102+17 -> 46314 | P102: 46297 | Q102: 46246 | R102: =IF(Q102="", "", Q102+60) -> 46306
...

Sheet Página46
A1: Tiago Afonso Vasconcelos De Souza | B1: 964 | C1: 84013 | D1: Studio Day Moscou 30x20 | E1: PSICOLOGIA | F1: 63637228 | G1: XAEFDS6J | I1: Aguardando Aprovação
A2: Ádria Caroline Silva Gomes | B2: 970 | C2: 92164 | D2: Diamond Book 24X34 | E2: FISIOTERAPIA | G2: ZTWDXHZW | I2: Aguardando Aprovação
A3: Adria Stefane Palheta Gomes | B3: 1099 | C3: 95260 | D3: Essencial Book 20x20 | E3: LOGISTICA | G3: UWT65Y36 | I3: Aguardando Aprovação
A4: Airon Samuel Martins Corrêa | B4: 970 | C4: 94451 | D4: Prime Book 30X20 | E4: EDUCAÇAO FISICA | G4: 3EPS3RXU | I4: Aguardando Aprovação
A5: Aldenise Silva de Nazaré | B5: 1084 | C5: 85926 | D5: Studio Day Berlim 24x34 | E5: PSICOLOGIA | G5: 57HRM4BF | I5: Aguardando Aprovação
A6: Alinne Carvalho Siqueira | B6: 896 | C6: 87367 | D6: Prime Book 30X20 | E6: DIREITO | G6: 939PX9PU | I6: Aguardando Aprovação
A7: Amanda Janaina Silva Lobato | B7: 972 | C7: 95114 | D7: Prime Book 30X20 | E7: NUTRIÇÃO | G7: YD6NK3R6 | I7: Aguardando Aprovação
A8: Amanda Larissa Caldas Duarte | B8: 1172 | C8: 85250 | D8: Studio Day Moscou 30x20 | E8: ODONTOLOGIA | G8: GYCP3TAQ | I8: Aguardando Aprovação
A9: Ana Caroline De Sousa Cohen | B9: 968 | C9: 86778 | D9: Studio Day Moscou 30x20 | E9: RADIOLOGIA | G9: 3693AA65 | I9: Aguardando Aprovação
A10: Ana Cláudia Dos Santos Couto | B10: 996 | C10: 86123 | D10: Diamond Book 24X34 | E10: ENFERMAGEM | G10: 73S9MB6F | I10: Aguardando Aprovação
A11: Ana Claudia Reis Rocha | B11: 1066 | C11: 70391 | D11: Prime Book 30X20 | E11: ENFERMAGEM | G11: HZCHW7RC | I11: Aguardando Aprovação
A12: Ana Luiza Pinheiro Barreto | B12: 1172 | C12: 86106 | D12: Studio Day Berlim 24x34 | E12: PEDAGOGIA | G12: TN58YTWA | I12: Aguardando Aprovação
A13: Andreza Kerolayne Rodrigues De Moraes | B13: 1179 | C13: 94498 | D13: Diamond Book 24X34 | E13: CIÊNCIAS CONTÁBEIS | G13: U2YVF4XA | I13: Aguardando Aprovação
... A76: Thamyris Dos Santos Cunha | B76: 895 | C76: 86373 | D76: Studio Day Moscou 30x20 | E76: BIOMEDICINA | G76: N3EFQJLL | I76: Aguardando Aprovação
A77: Thayane Carolina Costa Paiva | B77: 1172 | C77: 85614 | D77: Studio Day Moscou 30x20 | E77: DESIGN GRAFICO | G77: GQV9VC85 | H77: UNINORTE | I77: Aguardando Aprovação
A78: Vyctor Kelvyn De Almeida Carvalho | B78: 971 | C78: 84957 | D78: Studio Day Berlim 24x34 | E78: ADS- ANALISE E DESENVOLVIMENTO DE SISTEMA | G78: N64WPF9C | I78: Aguardando Aprovação
A79: Wanessa Lira Nascimento | B79: 1172 | C79: 86534 | D79: Studio Day Moscou 30x20 | E79: FARMÁCIA | G79: 3ZY4P2T5 | I79: Aguardando Aprovação
A80: Wesneyanny Eduarda Ramos Pires | B80: 1177 | C80: 88244 | D80: Moscou 30X20 | E80: PSICOLOGIA | G80: NFRAPJJH | I80: Aguardando Aprovação
A81: YARA KAROLYNE RUFINO DE AZEVEDO | B81: 1066 | C81: 85181 | D81: Essencial Book 20x20 | E81: DIREITO | G81: QCX8QXPX | I81: Aguardando Aprovação

Sheet COTRATOS ALBUNS 25.2
A1: FACULDADES — RESUMO DE VENDAS E PRODUÇÃO 25.2
A3: Contrato | B3: INSTITUIÇÃO | C3: Total Vendido | D3: Pendente de Escolha | E3: Entregue | F3: Em IMPRESÃO | G3: IMPRESSO | H3: Em Aprovação | I3: DIAGRAMADOS | J3: Cancelados
A4: 953 | B4: UNIP BELEM | C4: =COUNTIF(H32:H1957, A4 & "*") -> 41 | D4: =COUNTIFS(H:H, A4 & "*", I:I, "NAO ESTA NA PLANILHA") -> 23 | E4: =COUNTIFS(H:H, A4 & "*", C:C, "Entregue") -> 0 | F4: =COUNTIFS(H:H, A4 & "*", I:I,"IMPRESSÃO") -> 1 | G4: =COUNTIFS(H:H, A4 & "*", C:C, "Entregue") + COUNTIFS(H:H, A4 & "*", C:C, "No Estoque") + COUNTIFS(H:H, A4 & "*", I:I, "PRONTO") -> 0 | H4: =COUNTIFS(H32:H1957, A4 & "*", I32:I1957,"AGUARDANDO APROVAÇÃO") -> 4 | I4: =COUNTIFS(H32:H1981, A4 & CHAR(42), I32:I1981, "IMPRESSÃO") + COUNTIFS(H32:H1981, A4 & CHAR(42), I32:I1981, "AGUARDANDO APROVAÇÃO") + COUNTIFS(H32:H1981, A4 & CHAR(42), I32:I1981, "APROVADO")+ COUNTIFS(H32:H1981, A4 & CHAR(42), I32:I1981, "DIAGRAMADO") -> 5 | J4: =COUNTIFS(H32:H1978,A4 & "*", C32:C1978, "Cancelado") -> 0
A5: 964 | B5: UNAMA GENTIL | C5: =COUNTIF(H33:H1958, A5 & "*") -> 32 | D5: =COUNTIFS(H:H, A5 & "*", I:I, "NAO ESTA NA PLANILHA") -> 18 | E5: =COUNTIFS(H:H, A5 & "*", C:C, "Entregue") -> 1 | F5: =COUNTIFS(H:H, A5 & "*", I:I,"IMPRESSÃO") -> 1 | G5: =COUNTIFS(H:H, A5 & "*", C:C, "Entregue") + COUNTIFS(H:H, A5 & "*", C:C, "No Estoque") + COUNTIFS(H:H, A5 & "*", I:I, "PRONTO") -> 1 | H5: =COUNTIFS(H33:H1958, A5 & "*", I33:I1958,"AGUARDANDO APROVAÇÃO") -> 2 | I5: =COUNTIFS(H33:H1982, A5 & CHAR(42), I33:I1982, "IMPRESSÃO") + COUNTIFS(H33:H1982, A5 & CHAR(42), I33:I1982, "AGUARDANDO APROVAÇÃO") + COUNTIFS(H33:H1982, A5 & CHAR(42), I33:I1982, "APROVADO")+ COUNTIFS(H33:H1982, A5 & CHAR(42), I33:I1982, "DIAGRAMADO") -> 3 | J5: =COUNTIFS(H33:H1979,A5 & "*", C33:C1979, "Cancelado") -> 0
A6: 1019 | B6: ESTACIO | C6: =COUNTIF(H34:H1959, A6 & "*") -> 16 | D6: =COUNTIFS(H:H, A6 & "*", I:I, "NAO ESTA NA PLANILHA") -> 6 | E6: =COUNTIFS(H:H, A6 & "*", C:C, "Entregue") -> 0 | F6: =COUNTIFS(H:H, A6 & "*", I:I,"IMPRESSÃO") -> 0 | G6: =COUNTIFS(H:H, A6 & "*", C:C, "Entregue") + COUNTIFS(H:H, A6 & "*", C:C, "No Estoque") + COUNTIFS(H:H, A6 & "*", I:I, "PRONTO") -> 0 | H6: =COUNTIFS(H34:H1959, A6 & "*", I34:I1959,"AGUARDANDO APROVAÇÃO") -> 2 | I6: =COUNTIFS(H34:H1983, A6 & CHAR(42), I34:I1983, "IMPRESSÃO") + COUNTIFS(H34:H1983, A6 & CHAR(42), I34:I1983, "AGUARDANDO APROVAÇÃO") + COUNTIFS(H34:H1983, A6 & CHAR(42), I34:I1983, "APROVADO")+ COUNTIFS(H34:H1983, A6 & CHAR(42), I34:I1983, "DIAGRAMADO") -> 2 | J6: =COUNTIFS(H34:H1980,A6 & "*", C34:C1980, "Cancelado") -> 0 | Q6: R
A7: 1084 | B7: UNMA PARQUE SHOPPING | C7: =COUNTIF(H35:H1960, A7 & "*") -> 36 | D7: =COUNTIFS(H:H, A7 & "*", I:I, "NAO ESTA NA PLANILHA") -> 13 | E7: =COUNTIFS(H:H, A7 & "*", C:C, "Entregue") -> 2 | F7: =COUNTIFS(H:H, A7 & "*", I:I,"IMPRESSÃO") -> 0 | G7: =COUNTIFS(H:H, A7 & "*", C:C, "Entregue") + COUNTIFS(H:H, A7 & "*", C:C, "No Estoque") + COUNTIFS(H:H, A7 & "*", I:I, "PRONTO") -> 4 | H7: =COUNTIFS(H35:H1960, A7 & "*", I35:I1960,"AGUARDANDO APROVAÇÃO") -> 5 | I7: =COUNTIFS(H35:H1984, A7 & CHAR(42), I35:I1984, "IMPRESSÃO") + COUNTIFS(H35:H1984, A7 & CHAR(42), I35:I1984, "AGUARDANDO APROVAÇÃO") + COUNTIFS(H35:H1984, A7 & CHAR(42), I35:I1984, "APROVADO")+ COUNTIFS(H35:H1984, A7 & CHAR(42), I35:I1984, "DIAGRAMADO") -> 5 | J7: =COUNTIFS(H35:H1981,A7 & "*", C35:C1981, "Cancelado") -> 1
A8: 1172 | B8: MANAUS | C8: =COUNTIF(H36:H1961, A8 & "*") -> 166 | D8: =COUNTIFS(H:H, A8 & "*", I:I, "NAO ESTA NA PLANILHA") -> 62 | E8: =COUNTIFS(H:H, A8 & "*", C:C, "Entregue") -> 0 | F8: =COUNTIFS(H:H, A8 & "*", I:I,"IMPRESSÃO") -> 15 | G8: =COUNTIFS(H:H, A8 & "*", C:C, "Entregue") + COUNTIFS(H:H, A8 & "*", C:C, "No Estoque") + COUNTIFS(H:H, A8 & "*", I:I, "PRONTO") -> 0 | H8: =COUNTIFS(H36:H1961, A8 & "*", I36:I1961,"AGUARDANDO APROVAÇÃO") -> 16 | I8: =COUNTIFS(H36:H1985, A8 & CHAR(42), I36:I1985, "IMPRESSÃO") + COUNTIFS(H36:H1985, A8 & CHAR(42), I36:I1985, "AGUARDANDO APROVAÇÃO") + COUNTIFS(H36:H1985, A8 & CHAR(42), I36:I1985, "APROVADO")+ COUNTIFS(H36:H1985, A8 & CHAR(42), I36:I1985, "DIAGRAMADO") -> 36 | J8: =COUNTIFS(H36:H1982,A8 & "*", C36:C1982, "Cancelado") -> 0
A9: 988 | B9: COSMOPOLITA | C9: =COUNTIF(H37:H1962, A9 & "*") -> 21 | D9: =COUNTIFS(H:H, A9 & "*", I:I, "NAO ESTA NA PLANILHA") -> 8 | E9: =COUNTIFS(H:H, A9 & "*", C:C, "Entregue") -> 1 | F9: =COUNTIFS(H:H, A9 & "*", I:I,"IMPRESSÃO") -> 1 | G9: =COUNTIFS(H:H, A9 & "*", C:C, "Entregue") + COUNTIFS(H:H, A9 & "*", C:C, "No Estoque") + COUNTIFS(H:H, A9 & "*", I:I, "PRONTO") -> 1 | H9: =COUNTIFS(H37:H1962, A9 & "*", I37:I1962,"AGUARDANDO APROVAÇÃO") -> 1 | I9: =COUNTIFS(H37:H1986, A9 & CHAR(42), I37:I1986, "IMPRESSÃO") + COUNTIFS(H37:H1986, A9 & CHAR(42), I37:I1986, "AGUARDANDO APROVAÇÃO") + COUNTIFS(H37:H1986, A9 & CHAR(42), I37:I1986, "APROVADO")+ COUNTIFS(H37:H1986, A9 & CHAR(42), I37:I1986, "DIAGRAMADO") -> 2 | J9: =COUNTIFS(H37:H1983,A9 & "*", C37:C1983, "Cancelado") -> 0
A10: 994 | B10: UNAMA ANANIDEUA | C10: =COUNTIF(H38:H1963, A10 & "*") -> 60 | D10: =COUNTIFS(H:H, A10 & "*", I:I, "NAO ESTA NA PLANILHA") -> 21 | E10: =COUNTIFS(H:H, A10 & "*", C:C, "Entregue") -> 3 | F10: =COUNTIFS(H:H, A10 & "*", I:I,"IMPRESSÃO") -> 2 | G10: =COUNTIFS(H:H, A10 & "*", C:C, "Entregue") + COUNTIFS(H:H, A10 & "*", C:C, "No Estoque") + COUNTIFS(H:H, A10 & "*", I:I, "PRONTO") -> 3 | H10: =COUNTIFS(H38:H1963, A10 & "*", I38:I1963,"AGUARDANDO APROVAÇÃO") -> 4 | I10: =COUNTIFS(H38:H1987, A10 & CHAR(42), I38:I1987, "IMPRESSÃO") + COUNTIFS(H38:H1987, A10 & CHAR(42), I38:I1987, "AGUARDANDO APROVAÇÃO") + COUNTIFS(H38:H1987, A10 & CHAR(42), I38:I1987, "APROVADO")+ COUNTIFS(H38:H1987, A10 & CHAR(42), I38:I1987, "DIAGRAMADO") -> 7 | J10: =COUNTIFS(H38:H1984,A10 & "*", C38:C1984, "Cancelado") -> 0
A11: 968 | B11: UNAMA SANTAREM | C11: =COUNTIF(H39:H1964, A11 & "*") -> 72 | D11: =COUNTIFS(H:H, A11 & "*", I:I, "NAO ESTA NA PLANILHA") -> 20 | E11: =COUNTIFS(H:H, A11 & "*", C:C, "Entregue") -> 3 | F11: =COUNTIFS(H:H, A11 & "*", I:I,"IMPRESSÃO") -> 1 | G11: =COUNTIFS(H:H, A11 & "*", C:C, "Entregue") + COUNTIFS(H:H, A11 & "*", C:C, "No Estoque") + COUNTIFS(H:H, A11 & "*", I:I, "PRONTO") -> 3 | H11: =COUNTIFS(H39:H1964, A11 & "*", I39:I1964,"AGUARDANDO APROVAÇÃO") -> 9 | I11: =COUNTIFS(H39:H1988, A11 & CHAR(42), I39:I1988, "IMPRESSÃO") + COUNTIFS(H39:H1988, A11 & CHAR(42), I39:I1988, "AGUARDANDO APROVAÇÃO") + COUNTIFS(H39:H1988, A11 & CHAR(42), I39:I1988, "APROVADO")+ COUNTIFS(H39:H1988, A11 & CHAR(42), I39:I1988, "DIAGRAMADO") -> 10 | J11: =COUNTIFS(H39:H1985,A11 & "*", C39:C1985, "Cancelado") -> 1
A12: 957 | B12: UNIP MACAPA | C12: =COUNTIF(H40:H1965, A12 & "*") -> 64 | D12: =COUNTIFS(H:H, A12 & "*", I:I, "NAO ESTA NA PLANILHA") -> 30 | E12: =COUNTIFS(H:H, A12 & "*", C:C, "Entregue") -> 0 | F12: =COUNTIFS(H:H, A12 & "*", I:I,"IMPRESSÃO") -> 4 | G12: =COUNTIFS(H:H, A12 & "*", C:C, "Entregue") + COUNTIFS(H:H, A12 & "*", C:C, "No Estoque") + COUNTIFS(H:H, A12 & "*", I:I, "PRONTO") -> 3 | H12: =COUNTIFS(H40:H1965, A12 & "*", I40:I1965,"AGUARDANDO APROVAÇÃO") -> 6 | I12: =COUNTIFS(H40:H1989, A12 & CHAR(42), I40:I1989, "IMPRESSÃO") + COUNTIFS(H40:H1989, A12 & CHAR(42), I40:I1989, "AGUARDANDO APROVAÇÃO") + COUNTIFS(H40:H1989, A12 & CHAR(42), I40:I1989, "APROVADO")+ COUNTIFS(H40:H1989, A12 & CHAR(42), I40:I1989, "DIAGRAMADO") -> 13 | J12: =COUNTIFS(H40:H1986,A12 & "*", C40:C1986, "Cancelado") -> 6
A13: 961 | B13: UNIP PARAGOMINAS | C13: =COUNTIF(H41:H1966, A13 & "*") -> 8 | D13: =COUNTIFS(H:H, A13 & "*", I:I, "NAO ESTA NA PLANILHA") -> 4 | E13: =COUNTIFS(H:H, A13 & "*", C:C, "Entregue") -> 0 | F13: =COUNTIFS(H:H, A13 & "*", I:I,"IMPRESSÃO") -> 1 | G13: =COUNTIFS(H:H, A13 & "*", C:C, "Entregue") + COUNTIFS(H:H, A13 & "*", C:C, "No Estoque") + COUNTIFS(H:H, A13 & "*", I:I, "PRONTO") -> 0 | H13: =COUNTIFS(H41:H1966, A13 & "*", I41:I1966,"AGUARDANDO APROVAÇÃO") -> 2 | I13: =COUNTIFS(H41:H1990, A13 & CHAR(42), I41:I1990, "IMPRESSÃO") + COUNTIFS(H41:H1990, A13 & CHAR(42), I41:I1990, "AGUARDANDO APROVAÇÃO") + COUNTIFS(H41:H1990, A13 & CHAR(42), I41:I1990, "APROVADO")+ COUNTIFS(H41:H1990, A13 & CHAR(42), I41:I1990, "DIAGRAMADO") -> 3 | J13: =COUNTIFS(H41:H1987,A13 & "*", C41:C1987, "Cancelado") -> 0
A14: 971 | B14: UNAMA ALCINDO C | C14: =COUNTIF(H42:H1967, A14 & "*") -> 74 | D14: =COUNTIFS(H:H, A14 & "*", I:I, "NAO ESTA NA PLANILHA") -> 37 | E14: =COUNTIFS(H:H, A14 & "*", C:C, "Entregue") -> 9 | F14: =COUNTIFS(H:H, A14 & "*", I:I,"IMPRESSÃO") -> 2 | G14: =COUNTIFS(H:H, A14 & "*", C:C, "Entregue") + COUNTIFS(H:H, A14 & "*", C:C, "No Estoque") + COUNTIFS(H:H, A14 & "*", I:I, "PRONTO") -> 9 | H14: =COUNTIFS(H42:H1967, A14 & "*", I42:I1967,"AGUARDANDO APROVAÇÃO") -> 7 | I14: =COUNTIFS(H42:H1991, A14 & CHAR(42), I42:I1991, "IMPRESSÃO") + COUNTIFS(H42:H1991, A14 & CHAR(42), I42:I1991, "AGUARDANDO APROVAÇÃO") + COUNTIFS(H42:H1991, A14 & CHAR(42), I42:I1991, "APROVADO")+ COUNTIFS(H42:H1991, A14 & CHAR(42), I42:I1991, "DIAGRAMADO") -> 10 | J14: =COUNTIFS(H42:H1988,A14 & "*", C42:C1988, "Cancelado") -> 1
A15: 1103 | B15: UNIP CASTANHAL | C15: =COUNTIF(H43:H1968, A15 & "*") -> 32 | D15: =COUNTIFS(H:H, A15 & "*", I:I, "NAO ESTA NA PLANILHA") -> 18 | E15: =COUNTIFS(H:H, A15 & "*", C:C, "Entregue") -> 0 | F15: =COUNTIFS(H:H, A15 & "*", I:I,"IMPRESSÃO") -> 2 | G15: =COUNTIFS(H:H, A15 & "*", C:C, "Entregue") + COUNTIFS(H:H, A15 & "*", C:C, "No Estoque") + COUNTIFS(H:H, A15 & "*", I:I, "PRONTO") -> 0 | H15: =COUNTIFS(H43:H1968, A15 & "*", I43:I1968,"AGUARDANDO APROVAÇÃO") -> 0 | I15: =COUNTIFS(H43:H1992, A15 & CHAR(42), I43:I1992, "IMPRESSÃO") + COUNTIFS(H43:H1992, A15 & CHAR(42), I43:I1992, "AGUARDANDO APROVAÇÃO") + COUNTIFS(H43:H1992, A15 & CHAR(42), I43:I1992, "APROVADO")+ COUNTIFS(H43:H1992, A15 & CHAR(42), I43:I1992, "DIAGRAMADO") -> 2 | J15: =COUNTIFS(H43:H1989,A15 & "*", C43:C1989, "Cancelado") -> 6
A16: 1173 | B16: BOA VISTA | C16: =COUNTIF(H44:H1969, A16 & "*") -> 17 | D16: =COUNTIFS(H:H, A16 & "*", I:I, "NAO ESTA NA PLANILHA") -> 7 | E16: =COUNTIFS(H:H, A16 & "*", C:C, "Entregue") -> 0 | F16: =COUNTIFS(H:H, A16 & "*", I:I,"IMPRESSÃO") -> 2 | G16: =COUNTIFS(H:H, A16 & "*", C:C, "Entregue") + COUNTIFS(H:H, A16 & "*", C:C, "No Estoque") + COUNTIFS(H:H, A16 & "*", I:I, "PRONTO") -> 0 | H16: =COUNTIFS(H44:H1969, A16 & "*", I44:I1969,"AGUARDANDO APROVAÇÃO") -> 1 | I16: =COUNTIFS(H44:H1993, A16 & CHAR(42), I44:I1993, "IMPRESSÃO") + COUNTIFS(H44:H1993, A16 & CHAR(42), I44:I1993, "AGUARDANDO APROVAÇÃO") + COUNTIFS(H44:H1993, A16 & CHAR(42), I44:I1993, "APROVADO")+ COUNTIFS(H44:H1993, A16 & CHAR(42), I44:I1993, "DIAGRAMADO") -> 3 | J16: =COUNTIFS(H44:H1990,A16 & "*", C44:C1990, "Cancelado") -> 3
A17: 1177 | B17: SÃO LUIZ | C17: =COUNTIF(H45:H1970, A17 & "*") -> 13 | D17: =COUNTIFS(H:H, A17 & "*", I:I, "NAO ESTA NA PLANILHA") -> 5 | E17: =COUNTIFS(H:H, A17 & "*", C:C, "Entregue") -> 0 | F17: =COUNTIFS(H:H, A17 & "*", I:I,"IMPRESSÃO") -> 1 | G17: =COUNTIFS(H:H, A17 & "*", C:C, "Entregue") + COUNTIFS(H:H, A17 & "*", C:C, "No Estoque") + COUNTIFS(H:H, A17 & "*", I:I, "PRONTO") -> 0 | H17: =COUNTIFS(H45:H1970, A17 & "*", I45:I1970,"AGUARDANDO APROVAÇÃO") -> 4 | I17: =COUNTIFS(H45:H1994, A17 & CHAR(42), I45:I1994, "IMPRESSÃO") + COUNTIFS(H45:H1994, A17 & CHAR(42), I45:I1994, "AGUARDANDO APROVAÇÃO") + COUNTIFS(H45:H1994, A17 & CHAR(42), I45:I1994, "APROVADO")+ COUNTIFS(H45:H1994, A17 & CHAR(42), I45:I1994, "DIAGRAMADO") -> 5 | J17: =COUNTIFS(H45:H1991,A17 & "*", C45:C1991, "Cancelado") -> 1
A18: 1070 | B18: SMAC | C18: =COUNTIF(H46:H1971, A18 & "*") -> 10 | D18: =COUNTIFS(H:H, A18 & "*", I:I, "NAO ESTA NA PLANILHA") -> 6 | E18: =COUNTIFS(H:H, A18 & "*", C:C, "Entregue") -> 4 | F18: =COUNTIFS(H:H, A18 & "*", I:I,"IMPRESSÃO") -> 2 | G18: =COUNTIFS(H:H, A18 & "*", C:C, "Entregue") + COUNTIFS(H:H, A18 & "*", C:C, "No Estoque") + COUNTIFS(H:H, A18 & "*", I:I, "PRONTO") -> 4 | H18: =COUNTIFS(H46:H1971, A18 & "*", I46:I1971,"AGUARDANDO APROVAÇÃO") -> 0 | I18: =COUNTIFS(H46:H1995, A18 & CHAR(42), I46:I1995, "IMPRESSÃO") + COUNTIFS(H46:H1995, A18 & CHAR(42), I46:I1995, "AGUARDANDO APROVAÇÃO") + COUNTIFS(H46:H1995, A18 & CHAR(42), I46:I1995, "APROVADO")+ COUNTIFS(H46:H1995, A18 & CHAR(42), I46:I1995, "DIAGRAMADO") -> 2 | J18: =COUNTIFS(H46:H1992,A18 & "*", C46:C1992, "Cancelado") -> 0
A21: INDICADORES GERAIS
A22: Total de vendas | B22: =SUM(C4:C18) -> 662
A23: Total entregue | B23: =SUM(E4:E18) -> 23
A24: Total pendente de escolha | B24: =SUM(D4:D18) -> 278
A25: Total em IMPRESSAO | B25: =SUM(F4:F18) -> 35
A26: Total IMPRESSOS | B26: =SUM(G4:G18) -> 28
A27: Total EM APROVAÇAO | B27: =SUM(H4:H18) -> 63
A28: Total DIAGRAMADOS | B28: =SUM(I4:I18) -> 108
A29: TOTAL CANCELADOS | B29: =SUM(J4:J18) -> 19 | I29: {=IF(E29="", "", _xlfn.XLOOKUP(E29, 'GERAL ENVIOS'!C:C, 'GERAL ENVIOS'!K:K, "Não encontrado"))}
A31: CURSO | B31: ITEMS | C31: Status | D31: Cód. Cliente | E31: NOME | F31: E-mail | G31: Celular | H31: CONTRATO | I31: STATUS
B32: PACOTE BERLIM | C32: Enviado | D32: 89135 | E32: Andreia Da Silva Ferreira | F32: andreiaferreira66442@gmail.com | G32: (91) 981152574 | H32: 953 - UNIP BELÉM | I32: {=IF(E32="", "", _xlfn.XLOOKUP(E32, 'GERAL ENVIOS'!C:C, 'GERAL ENVIOS'!K:K,"NAO ESTA NA PLANILHA"))} -> NAO ESTA NA PLANILHA
B33: PACOTE MOSCOU | C33: Enviado | D33: 88679 | E33: Deolinda Dos Santos Borges | F33: deolinda.sborges@gmail.com | G33: (91) 980316385 | H33: 953 - UNIP BELÉM | I33: {=IF(E33="", "", _xlfn.XLOOKUP(E33, 'GERAL ENVIOS'!C:C, 'GERAL ENVIOS'!K:K,"NAO ESTA NA PLANILHA"))} -> NAO ESTA NA PLANILHA
B34: PACOTE BERLIM | C34: Enviado | D34: 88836 | E34: Deyse Thayane Bezerra Pontes | F34: pontesdeyse6@gmail.com | G34: (91) 991095971 | H34: 953 - UNIP BELÉM | I34: {=IF(E34="", "", _xlfn.XLOOKUP(E34, 'GERAL ENVIOS'!C:C, 'GERAL ENVIOS'!K:K,"NAO ESTA NA PLANILHA"))} -> NAO ESTA NA PLANILHA
B35: PACOTE BERLIM | C35: Enviado | D35: 88838 | E35: Donizete Henrique Bezerra Pontes | F35: donizetepontes2@gmail.com | G35: (91) 991933743 | H35: 953 - UNIP BELÉM | I35: {=IF(E35="", "", _xlfn.XLOOKUP(E35, 'GERAL ENVIOS'!C:C, 'GERAL ENVIOS'!K:K,"NAO ESTA NA PLANILHA"))} -> NAO ESTA NA PLANILHA
B36: PLANO DIAMOND BOOK | C36: Solicitado | D36: 75450 | E36: Eneida Viana Costa | F36: eneidavianaviana49@gmail.com | G36: (91) 98616-5775 | H36: 953 - UNIP BELÉM | I36: {=IF(E36="", "", _xlfn.XLOOKUP(E36, 'GERAL ENVIOS'!C:C, 'GERAL ENVIOS'!K:K,"NAO ESTA NA PLANILHA"))} -> NAO ESTA NA PLANILHA
B37: PACOTE MOSCOU | C37: Enviado | D37: 83848 | E37: Erivan Santana Brito | F37: erivanbrito24@gmail.com | G37: (91) 98015-8304 | H37: 953 - UNIP BELÉM | I37: {=IF(E37="", "", _xlfn.XLOOKUP(E37, 'GERAL ENVIOS'!C:C, 'GERAL ENVIOS'!K:K,"NAO ESTA NA PLANILHA"))} -> NAO ESTA NA PLANILHA
B38: PACOTE BERLIM | C38: Enviado | D38: 75856 | E38: Fabio De Castro Oliveira | F38: fabiodecastro406@gmail.com | G38: (91) 98525-5582 | H38: 953 - UNIP BELÉM | I38: {=IF(E38="", "", _xlfn.XLOOKUP(E38, 'GERAL ENVIOS'!C:C, 'GERAL ENVIOS'!K:K,"NAO ESTA NA PLANILHA"))} -> NAO ESTA NA PLANILHA
B39: PACOTE MOSCOU | C39: Enviado | D39: 88182 | E39: Fredson Luis Garcia Ribeiro | F39: fredsonnakata02@gmail.com | G39: (91) 984912140 | H39: 953 - UNIP BELÉM | I39: {=IF(E39="", "", _xlfn.XLOOKUP(E39, 'GERAL ENVIOS'!C:C, 'GERAL ENVIOS'!K:K,"NAO ESTA NA PLANILHA"))} -> NAO ESTA NA PLANILHA
B40: PACOTE MOSCOU | C40: Enviado | D40: 77934 | E40: Gabriela Lima Do Nascimento | F40: gabifitevolution@gmail.com | G40: (91) 980628643 | H40: 953 - UNIP BELÉM | I40: {=IF(E40="", "", _xlfn.XLOOKUP(E40, 'GERAL ENVIOS'!C:C, 'GERAL ENVIOS'!K:K,"NAO ESTA NA PLANILHA"))} -> NAO ESTA NA PLANILHA
B41: PACOTE BERLIM | C41: Enviado | D41: 88170 | E41: Jamilly Cristine Souza Silva | F41: jamillysouzasilva93@gmail.com | G41: (91) 985663920 | H41: 953 - UNIP BELÉM | I41: {=IF(E41="", "", _xlfn.XLOOKUP(E41, 'GERAL ENVIOS'!C:C, 'GERAL ENVIOS'!K:K,"NAO ESTA NA PLANILHA"))} -> NAO ESTA NA PLANILHA
B42: PACOTE MOSCOU | C42: Enviado | D42: 88620 | E42: Kamile Macedo Da Silva | F42: silvaakamile@gmail.com | G42: (91) 985845044 | H42: 953 - UNIP BELÉM | I42: {=IF(E42="", "", _xlfn.XLOOKUP(E42, 'GERAL ENVIOS'!C:C, 'GERAL ENVIOS'!K:K,"NAO ESTA NA PLANILHA"))} -> NAO ESTA NA PLANILHA
B43: PACOTE BERLIM | C43: Enviado | D43: 69817 | E43: Karolyne Pantoja Macedo | F43: karolynemacedo7@hotmail.com | G43: (91) 98457-1978 | H43: 953 - UNIP BELÉM | I43: {=IF(E43="", "", _xlfn.XLOOKUP(E43, 'GERAL ENVIOS'!C:C, 'GERAL ENVIOS'!K:K,"NAO ESTA NA PLANILHA"))} -> NAO ESTA NA PLANILHA
... B112: PACOTE MOSCOU | C112: Enviado | D112: 86794 | E112: Benedito Setuba Moura Junior | F112: 983372436j@gmail.com | G112: (91) 985164393 | H112: 1084 - UNAMA PS | I112: {=IF(E112="", "", _xlfn.XLOOKUP(E112, 'GERAL ENVIOS'!C:C, 'GERAL ENVIOS'!K:K,"NAO ESTA NA PLANILHA"))} -> NAO ESTA NA PLANILHA
B113: PACOTE BERLIM | C113: Enviado | D113: 87421 | E113: Camillo Matheus Campelo Matos Do Vale | F113: camillocampeloo@gmail.com | G113: 91999041505 | H113: 1084 - UNAMA PS | I113: {=IF(E113="", "", _xlfn.XLOOKUP(E113, 'GERAL ENVIOS'!C:C, 'GERAL ENVIOS'!K:K,"NAO ESTA NA PLANILHA"))} -> NAO ESTA NA PLANILHA
B114: PACOTE MOSCOU | C114: Em Impressão | D114: 86887 | E114: Cleiton Oliveira Lima | F114: cleitonoliveira2117@gmail.com | G114: (91) 98367-6572 | H114: 1084 - UNAMA PS | I114: {=IF(E114="", "", _xlfn.XLOOKUP(E114, 'GERAL ENVIOS'!C:C, 'GERAL ENVIOS'!K:K,"NAO ESTA NA PLANILHA"))} -> Finalizado
B115: PACOTE MOSCOU | C115: Em Impressão | D115: 86777 | E115: Diosne Marlon Furtado dos Santos | F115: diosnemarlon@gmail.com | G115: (91) 99353-2987 | H115: 1084 - UNAMA PS | I115: {=IF(E115="", "", _xlfn.XLOOKUP(E115, 'GERAL ENVIOS'!C:C, 'GERAL ENVIOS'!K:K,"NAO ESTA NA PLANILHA"))} -> Finalizado
B116: PACOTE BERLIM | C116: Enviado | D116: 86772 | E116: Douglas Ronan Mendes De Oliveira | F116: eusouomendes@gmail.com | G116: (91) 99237-6462 | H116: 1084 - UNAMA PS | I116: {=IF(E116="", "", _xlfn.XLOOKUP(E116, 'GERAL ENVIOS'!C:C, 'GERAL ENVIOS'!K:K,"NAO ESTA NA PLANILHA"))} -> Finalizado
B117: PACOTE MOSCOU | C117: Enviado | D117: 85972 | E117: Edêmia de Fátima de Oliveira Nuayed | F117: nuayededemia@gmail.com | G117: (91) 98422-2335 | H117: 1084 - UNAMA PS | I117: {=IF(E117="", "", _xlfn.XLOOKUP(E117, 'GERAL ENVIOS'!C:C, 'GERAL ENVIOS'!K:K,"NAO ESTA NA PLANILHA"))} -> Aguardando Aprovação
B118: PACOTE BERLIM | C118: Enviado | D118: 81708 | E118: ELISANGELA MARIA SANTOS DA SILVA | F118: elismss@yahoo.com.br | G118: (91) 981172787 | H118: 1084 - UNAMA PS | I118: {=IF(E118="", "", _xlfn.XLOOKUP(E118, 'GERAL ENVIOS'!C:C, 'GERAL ENVIOS'!K:K,"NAO ESTA NA PLANILHA"))} -> NAO ESTA NA PLANILHA
B119: PACOTE MOSCOU | C119: Enviado para Aprovação | D119: 88919 | E119: Emily Hillary Almeida Da Costa | F119: emilyhillary8@gmail.com | G119: (91) 98123-6114 | H119: 1084 - UNAMA PS | I119: {=IF(E119="", "", _xlfn.XLOOKUP(E119, 'GERAL ENVIOS'!C:C, 'GERAL ENVIOS'!K:K,"NAO ESTA NA PLANILHA"))} -> Aguardando Aprovação
B120: PACOTE BERLIM | C120: Enviado | D120: 87541 | E120: Eslley Patrick Cardoso Pinto | F120: eslley.patrickk@gmail.com | G120: (91) 98184-5040 | H120: 1084 - UNAMA PS | I120: {=IF(E120="", "", _xlfn.XLOOKUP(E120, 'GERAL ENVIOS'!C:C, 'GERAL ENVIOS'!K:K,"NAO ESTA NA PLANILHA"))} -> NAO ESTA NA PLANILHA
B121: PACOTE BALI | C121: Em Impressão | D121: 87450 | E121: Everton Castro De Moraes | F121: evertonmoraes99@hotmail.com | G121: (91) 98228-3718 | H121: 1084 - UNAMA PS | I121: {=IF(E121="", "", _xlfn.XLOOKUP(E121, 'GERAL ENVIOS'!C:C, 'GERAL ENVIOS'!K:K,"NAO ESTA NA PLANILHA"))} -> Finalizado
B122: PACOTE BERLIM | C122: Enviado | D122: 87943 | E122: Gyellen De Nazaré Rodrigues Matos | F122: gyellenmatos@gmail.com | G122: (91) 991282984 | H122: 1084 - UNAMA PS | I122: {=IF(E122="", "", _xlfn.XLOOKUP(E122, 'GERAL ENVIOS'!C:C, 'GERAL ENVIOS'!K:K,"NAO ESTA NA PLANILHA"))} -> NAO ESTA NA PLANILHA
B123: PACOTE MOSCOU | C123: Enviado | D123: 87721 | E123: Ingrid Santos do Nascimento | F123: ingrid592santos@gmail.com | G123: (91) 984057400 | H123: 1084 - UNAMA PS | I123: {=IF(E123="", "", _xlfn.XLOOKUP(E123, 'GERAL ENVIOS'!C:C, 'GERAL ENVIOS'!K:K,"NAO ESTA NA PLANILHA"))} -> Finalizado
B124: PACOTE BERLIM | C124: Entregue | D124: 86993 | E124: Jailson Marlon Rodrigues Amorim | F124: jailsonamorim37@gmail.com | G124: (91) 98724-6685 | H124: 1084 - UNAMA PS | I124: {=IF(E124="", "", _xlfn.XLOOKUP(E124, 'GERAL ENVIOS'!C:C, 'GERAL ENVIOS'!K:K,"NAO ESTA NA PLANILHA"))} -> Finalizado
B125: PACOTE MOSCOU | C125: Cancelado | D125: 85928 | E125: Jessica Larissa Picanco | F125: feer.walendorff@gmail.com | G125: (91) 98535-3597 | H125: 1084 - UNAMA PS | I125: {=IF(E125="", "", _xlfn.XLOOKUP(E125, 'GERAL ENVIOS'!C:C, 'GERAL ENVIOS'!K:K,"NAO ESTA NA PLANILHA"))} -> NAO ESTA NA PLANILHA
... B199: PACOTE BERLIM | C199: Enviado | D199: 87086 | E199: Diana Nascimento Da Silva | F199: dhysilva371@gmail.com | G199: (92) 993641184 | H199: 1172 - MANAUS | I199: {=IF(E199="", "", _xlfn.XLOOKUP(E199, 'GERAL ENVIOS'!C:C, 'GERAL ENVIOS'!K:K,"NAO ESTA NA PLANILHA"))} -> Aguardando Aprovação
B200: PACOTE BERLIM | C200: Enviado | D200: 86885 | E200: Victoria Cristina França Cavalcante | F200: fcavalcantev@gmail.com | G200: (92) 993208154 | H200: 1172 - MANAUS | I200: APROVADO
B201: PACOTE MOSCOU | C201: Enviado | D201: 85355 | E201: Adriana Matos Da Silva | F201: adryanamatosx3@gmail.com | G201: (92) 981175478 | H201: 1172 - MANAUS | I201: {=IF(E201="", "", _xlfn.XLOOKUP(E201, 'GERAL ENVIOS'!C:C, 'GERAL ENVIOS'!K:K,"NAO ESTA NA PLANILHA"))} -> NAO ESTA NA PLANILHA
B202: PACOTE MOSCOU | C202: Em Impressão | D202: 85312 | E202: Mariana Caroline Sales De Brito | F202: marianasales018@gmail.comm | G202: 92994337679 | H202: 1172 - MANAUS | I202: {=IF(E202="", "", _xlfn.XLOOKUP(E202, 'GERAL ENVIOS'!C:C, 'GERAL ENVIOS'!K:K,"NAO ESTA NA PLANILHA"))} -> Finalizado
B203: PACOTE BERLIM | C203: Em Impressão | D203: 85707 | E203: Maria Heloisa Silva de Paiva | F203: mariamhsp15@gmail.com | G203: (92) 995135529 | H203: 1172 - MANAUS | I203: {=IF(E203="", "", _xlfn.XLOOKUP(E203, 'GERAL ENVIOS'!C:C, 'GERAL ENVIOS'!K:K,"NAO ESTA NA PLANILHA"))} -> Finalizado
B204: PACOTE BERLIM | C204: Enviado | D204: 86725 | E204: Taise Simão Dias | F204: taisediassimao@icloud.com | G204: (92) 98517-0519 | H204: 1172 - MANAUS | I204: {=IF(E204="", "", _xlfn.XLOOKUP(E204, 'GERAL ENVIOS'!C:C, 'GERAL ENVIOS'!K:K,"NAO ESTA NA PLANILHA"))} -> NAO ESTA NA PLANILHA
B205: PACOTE MOSCOU | C205: Enviado | D205: 86743 | E205: aline mayra amaral | F205: alinemayra31@gmail.com | G205: (92) 98640-8178 | H205: 1172 - MANAUS | I205: {=IF(E205="", "", _xlfn.XLOOKUP(E205, 'GERAL ENVIOS'!C:C, 'GERAL ENVIOS'!K:K,"NAO ESTA NA PLANILHA"))} -> NAO ESTA NA PLANILHA
B206: PACOTE MOSCOU | C206: Enviado | D206: 85250 | E206: Amanda Larissa Caldas Duarte | F206: amandacaldasd3@gmail.com | G206: (92) 99255-3539 | H206: 1172 - MANAUS | I206: {=IF(E206="", "", _xlfn.XLOOKUP(E206, 'GERAL ENVIOS'!C:C, 'GERAL ENVIOS'!K:K,"NAO ESTA NA PLANILHA"))} -> Aguardando Aprovação
B207: PACOTE MOSCOU | C207: Enviado | D207: 86667 | E207: Railson Henrique Sarrazim Eliziario | F207: railson_sarrazim@hotmail.com | G207: (92) 994037638 | H207: 1172 - MANAUS | I207: {=IF(E207="", "", _xlfn.XLOOKUP(E207, 'GERAL ENVIOS'!C:C, 'GERAL ENVIOS'!K:K,"NAO ESTA NA PLANILHA"))} -> NAO ESTA NA PLANILHA
B208: PACOTE BERLIM | C208: Em Impressão | D208: 86761 | E208: luiz fernando oliveira cardenes | F208: luizfernandooliveiracardenes@gmail.com | G208: (92) 984643854 | H208: 1172 - MANAUS | I208: {=IF(E208="", "", _xlfn.XLOOKUP(E208, 'GERAL ENVIOS'!C:C, 'GERAL ENVIOS'!K:K,"NAO ESTA NA PLANILHA"))} -> Finalizado
B209: PACOTE MOSCOU | C209: Enviado para Aprovação | D209: 87090 | E209: Thainá Coimbra da Silva de Souza | F209: thainacoimbra.ss@gmail.com | G209: (92) 993041051 | H209: 1172 - MANAUS | I209: {=IF(E209="", "", _xlfn.XLOOKUP(E209, 'GERAL ENVIOS'!C:C, 'GERAL ENVIOS'!K:K,"NAO ESTA NA PLANILHA"))} -> Finalizado
B210: PACOTE MOSCOU | C210: Enviado | D210: 86861 | E210: Cristiellem Veras Fiêsca | F210: tielly.veras5@gmail.com | G210: 97984064489 | H210: 1172 - MANAUS | I210: {=IF(E210="", "", _xlfn.XLOOKUP(E210, 'GERAL ENVIOS'!C:C, 'GERAL ENVIOS'!K:K,"NAO ESTA NA PLANILHA"))} -> NAO ESTA NA PLANILHA
B211: PACOTE MOSCOU | C211: Enviado | D211: 87123 | E211: Luís André De Souza Albuquerque | F211: albuquerqueluisandre@gmail.com | G211: (92) 981459889 | H211: 1172 - MANAUS | I211: {=IF(E211="", "", _xlfn.XLOOKUP(E211, 'GERAL ENVIOS'!C:C, 'GERAL ENVIOS'!K:K,"NAO ESTA NA PLANILHA"))} -> IMPRESSÃO
B212: PACOTE BERLIM | C212: Enviado | D212: 85710 | E212: Jonilton Carvalho Silva | F212: joniltoncarvalhosilva@gmail.com | G212: (92) 994854791 | H212: 1172 - MANAUS | I212: {=IF(E212="", "", _xlfn.XLOOKUP(E212, 'GERAL ENVIOS'!C:C, 'GERAL ENVIOS'!K:K,"NAO ESTA NA PLANILHA"))} -> NAO ESTA NA PLANILHA
B213: PACOTE MOSCOU | C213: Enviado para Aprovação | D213: 87113 | E213: Victor Hugo Lopes e Souza | F213: victorlopesff@icloud.com | G213: (92) 985089691 | H213: 1172 - MANAUS | I213: {=IF(E213="", "", _xlfn.XLOOKUP(E213, 'GERAL ENVIOS'!C:C, 'GERAL ENVIOS'!K:K,"NAO ESTA NA PLANILHA"))} -> Finalizado
B214: PACOTE MOSCOU | C214: Enviado para Aprovação | D214: 86864 | E214: vaneia fragoso de oliveira | F214: vaninhafragoso@gmail.com | G214: (92) 99303-5443 | H214: 1172 - MANAUS | I214: {=IF(E214="", "", _xlfn.XLOOKUP(E214, 'GERAL ENVIOS'!C:C, 'GERAL ENVIOS'!K:K,"NAO ESTA NA PLANILHA"))} -> Finalizado
B215: PACOTE BERLIM | C215: Em Impressão | D215: 86872 | E215: João alves dos santos | F215: Alvessantos.holiver@gmail.com | G215: (92) 984783324 | H215: 1172 - MANAUS | I215: {=IF(E215="", "", _xlfn.XLOOKUP(E215, 'GERAL ENVIOS'!C:C, 'GERAL ENVIOS'!K:K,"NAO ESTA NA PLANILHA"))} -> Finalizado
B216: PACOTE MOSCOU | C216: Enviado | D216: 86969 | E216: Andre Augusto Dos Santos Zimmer | F216: andre.zimmer.lrc@gmail.com | G216: (92) 991385550 | H216: 1172 - MANAUS | I216: {=IF(E216="", "", _xlfn.XLOOKUP(E216, 'GERAL ENVIOS'!C:C, 'GERAL ENVIOS'!K:K,"NAO ESTA NA PLANILHA"))} -> Finalizado
B217: PACOTE MOSCOU | C217: Enviado para Aprovação | D217: 87046 | E217: Willames Castro De Souza | F217: willamescastro9@gmail.com | G217: (92) 982366454 | H217: 1172 - MANAUS | I217: {=IF(E217="", "", _xlfn.XLOOKUP(E217, 'GERAL ENVIOS'!C:C, 'GERAL ENVIOS'!K:K,"NAO ESTA NA PLANILHA"))} -> Finalizado
B218: PACOTE MOSCOU | C218: Enviado | D218: 86413 | E218: Richard Perez Pereira | F218: richardpere913@gmail.com | G218: (92) 986036361 | H218: 1172 - MANAUS | I218: {=IF(E218="", "", _xlfn.XLOOKUP(E218, 'GERAL ENVIOS'!C:C, 'GERAL ENVIOS'!K:K,"NAO ESTA NA PLANILHA"))} -> NAO ESTA NA PLANILHA
B219: PACOTE MOSCOU | C219: Enviado | D219: 87112 | E219: Andrelyssa Suellen De Lima Almeida | F219: suellen.almeidavf@gmail.com | G219: (92) 994770395 | H219: 1172 - MANAUS | I219: {=IF(E219="", "", _xlfn.XLOOKUP(E219, 'GERAL ENVIOS'!C:C, 'GERAL ENVIOS'!K:K,"NAO ESTA NA PLANILHA"))} -> NAO ESTA NA PLANILHA
B220: PACOTE BERLIM | C220: Em Impressão | D220: 85268 | E220: PEDRO ÍTALO FREITAS NAVEGANTE | F220: pedroifnavegante33@gmail.com | G220: (92) 981636390 | H220: 1172 - MANAUS | I220: {=IF(E220="", "", _xlfn.XLOOKUP(E220, 'GERAL ENVIOS'!C:C, 'GERAL ENVIOS'!K:K,"NAO ESTA NA PLANILHA"))} -> Finalizado
B221: PACOTE BERLIM | C221: Em Impressão | D221: 85658 | E221: Isabela Maia Pinto | F221: maiaisabela256@gmail.com | G221: (92) 99113-5838 | H221: 1172 - MANAUS | I221: {=IF(E221="", "", _xlfn.XLOOKUP(E221, 'GERAL ENVIOS'!C:C, 'GERAL ENVIOS'!K:K,"NAO ESTA NA PLANILHA"))} -> Finalizado
B222: PACOTE MOSCOU | C222: Enviado | D222: 85261 | E222: Max De Souza Soares | F222: maxdesouza.s21@gmail.com | G222: (92) 98171-0799 | H222: 1172 - MANAUS | I222: {=IF(E222="", "", _xlfn.XLOOKUP(E222, 'GERAL ENVIOS'!C:C, 'GERAL ENVIOS'!K:K,"NAO ESTA NA PLANILHA"))} -> IMPRESSÃO
... B225: PACOTE MOSCOU | C225: Enviado | D225: 87152 | E225: Emelly Geovana Oliveira Da Silva | F225: emellygeo0510@gmail.com | G225: (92) 992497031 | H225: 1172 - MANAUS | I225: {=IF(E225="", "", _xlfn.XLOOKUP(E225, 'GERAL ENVIOS'!C:C, 'GERAL ENVIOS'!K:K,"NAO ESTA NA PLANILHA"))} -> NAO ESTA NA PLANILHA
B226: PACOTE BERLIM | C226: Em Impressão | D226: 87179 | E226: Nicoli Costa Silva | F226: pandorasilva1617@gmail.com | G226: 92986207304 | H226: 1172 - MANAUS | I226: {=IF(E226="", "", _xlfn.XLOOKUP(E226, 'GERAL ENVIOS'!C:C, 'GERAL ENVIOS'!K:K,"NAO ESTA NA PLANILHA"))} -> Finalizado
B227: PACOTE MOSCOU | C227: Enviado para Aprovação | D227: 87051 | E227: Kelly De Souza Cordovil | F227: kellycosta.lg@gmail.com | G227: (92) 981983450 | H227: 1172 - MANAUS | I227: {=IF(E227="", "", _xlfn.XLOOKUP(E227, 'GERAL ENVIOS'!C:C, 'GERAL ENVIOS'!K:K,"NAO ESTA NA PLANILHA"))} -> Finalizado
B228: PACOTE BERLIM | C228: Enviado | D228: 85246 | E228: Moisés Da Costa Santos | F228: moise-santos@hotmail.com | G228: (92) 99335-8420 | H228: 1172 - MANAUS | I228: {=IF(E228="", "", _xlfn.XLOOKUP(E228, 'GERAL ENVIOS'!C:C, 'GERAL ENVIOS'!K:K,"NAO ESTA NA PLANILHA"))} -> NAO ESTA NA PLANILHA
B229: PACOTE MOSCOU | C229: Enviado | D229: 87108 | E229: DENISON CARVALHO COUTINHO | F229: carvalhocoutinhod@gmail.com | G229: (92) 982647948 | H229: 1172 - MANAUS | I229: {=IF(E229="", "", _xlfn.XLOOKUP(E229, 'GERAL ENVIOS'!C:C, 'GERAL ENVIOS'!K:K,"NAO ESTA NA PLANILHA"))} -> NAO ESTA NA PLANILHA
B230: PACOTE MOSCOU | C230: Enviado | D230: 85677 | E230: Deusnágila Da Silveira Moura | F230: deusnagilamoura@gmail.com | G230: (92) 995373366 | H230: 1172 - MANAUS | I230: {=IF(E230="", "", _xlfn.XLOOKUP(E230, 'GERAL ENVIOS'!C:C, 'GERAL ENVIOS'!K:K,"NAO ESTA NA PLANILHA"))} -> NAO ESTA NA PLANILHA
B231: PACOTE MOSCOU | C231: Enviado | D231: 86344 | E231: Maysa Almeida Barbosa Serrão | F231: maysaalmeida242@gmail.com | G231: (92) 994744135 | H231: 1172 - MANAUS | I231: {=IF(E231="", "", _xlfn.XLOOKUP(E231, 'GERAL ENVIOS'!C:C, 'GERAL ENVIOS'!K:K,"NAO ESTA NA PLANILHA"))} -> Aguardando Aprovação
B232: PACOTE BERLIM | C232: Enviado | D232: 86036 | E232: Joice Costa Dos Santos | F232: joycesanttos.js6@gmail.com | G232: (92) 988487325 | H232: 1172 - MANAUS | I232: {=IF(E232="", "", _xlfn.XLOOKUP(E232, 'GERAL ENVIOS'!C:C, 'GERAL ENVIOS'!K:K,"NAO ESTA NA PLANILHA"))} -> NAO ESTA NA PLANILHA
B233: PACOTE MOSCOU | C233: Enviado | D233: 86998 | E233: kamila yumi almeida kubo | F233: kamila.kubo93@gmail.com | G233: (92) 98108-7639 | H233: 1172 - MANAUS | I233: {=IF(E233="", "", _xlfn.XLOOKUP(E233, 'GERAL ENVIOS'!C:C, 'GERAL ENVIOS'!K:K,"NAO ESTA NA PLANILHA"))} -> IMPRESSÃO
B234: PACOTE MOSCOU | C234: Em Impressão | D234: 86682 | E234: Evellyn Kallyny Da Silva Mousinho | F234: kallyny.mousinho12@gmail.com | G234: (92) 991212589 | H234: 1172 - MANAUS | I234: {=IF(E234="", "", _xlfn.XLOOKUP(E234, 'GERAL ENVIOS'!C:C, 'GERAL ENVIOS'!K:K,"NAO ESTA NA PLANILHA"))} -> Finalizado
B235: PACOTE MOSCOU | C235: Enviado | D235: 86742 | E235: Alessandra Amaral Machado Souza | F235: alessandraamaralmachado@hotmail.com | G235: (92) 98134-0779 | H235: 1172 - MANAUS | I235: {=IF(E235="", "", _xlfn.XLOOKUP(E235, 'GERAL ENVIOS'!C:C, 'GERAL ENVIOS'!K:K,"NAO ESTA NA PLANILHA"))} -> NAO ESTA NA PLANILHA
B236: PACOTE MOSCOU | C236: Em Impressão | D236: 87141 | E236: Kaylanne Gomes Silva | F236: kaylannegs3@gmail.com | G236: (92) 981479213 | H236: 1172 - MANAUS | I236: {=IF(E236="", "", _xlfn.XLOOKUP(E236, 'GERAL ENVIOS'!C:C, 'GERAL ENVIOS'!K:K,"NAO ESTA NA PLANILHA"))} -> Finalizado
B237: PACOTE BERLIM | C237: Enviado | D237: 85330 | E237: Mara Magilania Coelho De Abreu Salgado | F237: mmagilania13@gmail.com | G237: (92) 981215629 | H237: 1172 - MANAUS | I237: {=IF(E237="", "", _xlfn.XLOOKUP(E237, 'GERAL ENVIOS'!C:C, 'GERAL ENVIOS'!K:K,"NAO ESTA NA PLANILHA"))} -> Finalizado
B238: PACOTE MOSCOU | C238: Enviado | D238: 86960 | E238: Lorena Albuquerque Campos | F238: campos07lorena@gmail.com | G238: (92) 984493440 | H238: 1172 - MANAUS | I238: {=IF(E238="", "", _xlfn.XLOOKUP(E238, 'GERAL ENVIOS'!C:C, 'GERAL ENVIOS'!K:K,"NAO ESTA NA PLANILHA"))} -> Aguardando Aprovação
... B269: PACOTE BERLIM | C269: Enviado | D269: 86882 | E269: Luiz Carlos Araújo Tomaz | F269: luiztomazcontato04@gmail.com | G269: (92) 984525901 | H269: 1172 - MANAUS | I269: {=IF(E269="", "", _xlfn.XLOOKUP(E269, 'GERAL ENVIOS'!C:C, 'GERAL ENVIOS'!K:K,"NAO ESTA NA PLANILHA"))} -> Finalizado
B270: PACOTE MOSCOU | C270: Enviado | D270: 87361 | E270: gabriel araujo cavalcante | F270: gabriel.araujo.2003.2003@gmail.com | G270: 92993389222 | H270: 1172 - MANAUS | I270: {=IF(E270="", "", _xlfn.XLOOKUP(E270, 'GERAL ENVIOS'!C:C, 'GERAL ENVIOS'!K:K,"NAO ESTA NA PLANILHA"))} -> NAO ESTA NA PLANILHA
B271: PACOTE MOSCOU | C271: Enviado | D271: 87093 | E271: Mariany Tavares Soares | F271: marianytavares29@gmail.com | G271: (92) 982013553 | H271: 1172 - MANAUS | I271: {=IF(E271="", "", _xlfn.XLOOKUP(E271, 'GERAL ENVIOS'!C:C, 'GERAL ENVIOS'!K:K,"NAO ESTA NA PLANILHA"))} -> NAO ESTA NA PLANILHA
B272: PACOTE MOSCOU | C272: Enviado | D272: 87404 | E272: Eva Vilma Braga Brandão | F272: evabraga452418@gmail.com | G272: (92) 98446-7382 | H272: 1172 - MANAUS | I272: {=IF(E272="", "", _xlfn.XLOOKUP(E272, 'GERAL ENVIOS'!C:C, 'GERAL ENVIOS'!K:K,"NAO ESTA NA PLANILHA"))} -> NAO ESTA NA PLANILHA
B273: PACOTE BERLIM | C273: Enviado para Aprovação | D273: 88008 | E273: Dayana Da Silva Mendes Negreiros | F273: cmsdayanamendes@gmail.com | G273: (92) 981714422 | H273: 1172 - MANAUS | I273: {=IF(E273="", "", _xlfn.XLOOKUP(E273, 'GERAL ENVIOS'!C:C, 'GERAL ENVIOS'!K:K,"NAO ESTA NA PLANILHA"))} -> Finalizado
B274: PACOTE MOSCOU | C274: Enviado | D274: 87808 | E274: Wallace Garcia Dos Santos | F274: wallace.lion123@gmail.com | G274: (92) 994363612 | H274: 1172 - MANAUS | I274: {=IF(E274="", "", _xlfn.XLOOKUP(E274, 'GERAL ENVIOS'!C:C, 'GERAL ENVIOS'!K:K,"NAO ESTA NA PLANILHA"))} -> IMPRESSÃO
B275: PACOTE MOSCOU | C275: Enviado | D275: 87336 | E275: ANA PAULA SANTOS FARIAS | F275: ana.sfarias15@gmail.com | G275: (92) 994353541 | H275: 1172 - MANAUS | I275: {=IF(E275="", "", _xlfn.XLOOKUP(E275, 'GERAL ENVIOS'!C:C, 'GERAL ENVIOS'!K:K,"NAO ESTA NA PLANILHA"))} -> AGUARDANDO FOTO
B276: PACOTE MOSCOU | C276: Solicitado | D276: 87142 | E276: Yhury Farnney do Nascimento Pereira | F276: yhuryfarney22@gmail.com | G276: (97) 98422-1372 | H276: 1172 - MANAUS | I276: {=IF(E276="", "", _xlfn.XLOOKUP(E276, 'GERAL ENVIOS'!C:C, 'GERAL ENVIOS'!K:K,"NAO ESTA NA PLANILHA"))} -> NAO ESTA NA PLANILHA
B277: PACOTE MOSCOU | C277: Enviado | D277: 87035 | E277: Thaís Kelly Campos Brito | F277: thaaais.jonathas2017@gmail.com | G277: (92) 992437379 | H277: 1172 - MANAUS | I277: {=IF(E277="", "", _xlfn.XLOOKUP(E277, 'GERAL ENVIOS'!C:C, 'GERAL ENVIOS'!K:K,"NAO ESTA NA PLANILHA"))} -> NAO ESTA NA PLANILHA
...

Sheet LISTAGEM IMPRESSÃO
A1: FAMILY DAY
A2: FAMILY DAY
A3: 1º - Anna Carolina Monteiro Couto 20X20
A4: 1º - Arthur Henrique Carvalho Figueiredo 20x20
A5: 1º - Arthur Hiroshi Sousa Miyahara 20x20
A6: 1º - Arthur Pereira Guedes 20x20
A7: 1º - Brenda Kelly Auzier Marques 20x20
A8: 1º - Caetano Franca Kettle 20x20
A9: 1º - Camilly Vitoria Pereira Barbosa 30x20
A10: 1º - Diego Benjamin Souza Pires 20x20
A11: 1º - Emilly Vitória Assunção Nascimento 30x20
A12: 1º - Esmael da costa fontenele e Bianca 30x20
... A112: 4º - Ninna Maria Corrêa do Nascimento 30x20
A115: CONTROLE DE ENVIOS PARA A IMPRESSÃO | B115: LOTE 5
A116: FAMILY DAY | B116: QUITADO / PENDENTE
A117: 5º REMESSA (JOSELITO)
A118: Ana Clara Rodrigues Dias 30x20 | B118: QUITADA
A119: ANA JULIA TAVARES MARTINS 20x20 | B119: QUITADA
A120: Ana Lívia Santos de Alcantara 30X20 | B120: QUITADA
A121: ANA LUÍSA CUNHA DE ARAÚJO 20X20 | B121: QUITADA
A122: Ana Vitória Borges Kochhann 30x20 | B122: QUITADA
A123: ANDRÉ FELIPE MIRANDA DA SILVA 20X20 | B123: QUITADA
A124: Anna Luiza Machado da Silva 20X20 | B124: QUITADA
A125: Arcanjo Gabriel Ozorio Manacas 20X20 | B125: EM DIA
A126: Arthur Masao Watanabe Valente 30x20 | B126: QUITADA
A127: ARTUR FARIAS DE SOUZA 20X20 | B127: QUITADA
A128: Beatriz Shimada Gouvea Leão 20x20 | B128: QUITADA
A129: Benício Brasil Toso 30x20 | B129: QUITADA
... A153: Nicole Lima da Cunha 30x20 | B153: QUITADA
A154: Pedro Américo Ferreira Mazzinghy 30x20 | B154: QUITADA | D154: ok
A155: Pedro Davi Dos Santos Bentes 30X20 | B155: PENDENTE
A156: Rebeca dos anjos Cavalcante de Oliveira 20X20 | B156: QUITADA
A157: SARAH VITÓRIA SANTOS DA LUZ 30x20 | B157: QUITADA
A158: SOPHIA RODRIGUES DO VALE 20x20 | B158: QUITADA
A159: Uelber Rian Ferreira dos Anjos 30x20 | B159: QUITADA
A160: Victor Yuji Migiyama Vieira 30x20 | B160: QUITADA
A161: Yasmin Janaù Bastos da Silva 30x20 | B161: QUITADA
A162: Yuri Pereira de Farias 20x20 | B162: QUITADA
A164: COLAÇÃO JOSELITO | B164: LOTE 1
A165: Fernando Svein Silva Dos Santos 30x20 | B165: 971 | C165: ENTREGUE | D165: OK
A166: Allan Da Silva Marvão 24x34 | B166: 1084 | C166: OK
A167: Allan Da Silva Marvão 20x20 | B167: 1084 | C167: OK
A168: Christian Albuquerque Da Silva 30x20 | B168: 968 | C168: ENTREGUE
A169: João Italo Freitas Dos Santos 30x20 | B169: 968 | C169: OK
A170: Maria Rita Lobato Pimentel 30x20 | B170: 968 | C170: ENTREGUE
A171: NAYLANE COSTA DA SILVA 30x20 | B171: 968 | C171: ENTREGUE
A172: Sarah Samille Da Costa Rego 30x20 | B172: 968 | C172: ENTREGUE
A173: Felipe Gabriel Oliveira de Souza 30x20 | B173: 1070 | C173: ENTREGUE | D173: OK
A174: Wendy Gabriela Figueiredo Tavares 20x20 | B174: 971 | C174: ENTREGUE
A176: COLAÇÃO JOSELITO | B176: LOTE 2 | C176: STATUS
A177: Allan Da Silva Marvão 20x20 | D177: ok
A178: Iorran Galvão Do Rosário 20X20 | B178: 971 | D178: ENTREGUE
A179: Leonardo Rodrigues Da Silva 20X20 | B179: 971 | D179: ENTREGUE
A180: Lucas Mateus De Almeida Amorim 20X20 | B180: 964 | D180: ok
A181: Álvaro Juan Pimentel Paixão 20X20 | B181: 971 | D181: ok
A182: Adison Da Silva Sobrinho Machado 30x20 | B182: 968 | D182: ENTREGUE
A183: Artur Diniz Araujo 30x20 | B183: 971 | D183: ENTREGUE
A184: BRENDA MESQUITA DE SOUSA 30x20 | B184: 968 | D184: ENTREGUE
A185: Felipe Rodrigues Macedo 30x20 | B185: 968 | D185: ENTREGUE
A186: Geibson Moreira Mafra Farias 30x20 | B186: 971 | D186: ENTREGUE
A187: Jessica Pereira Rodrigues 30x20 | B187: 994 | D187: ENTREGUE
A188: Kauan Almeida Sozinho 30x20 | B188: 968 | D188: ENTREGUE
A189: Marcelle Rayla Baia Filgueira 30x20 | B189: 971 | D189: ENTREGUE
A190: ZANGRAF
A191: Iorran Galvão Do Rosário 24X34 | B191: 971 | C191: PENDENTE | D191: ENTREGUE
A192: Leonardo Rodrigues Da Silva 24X34 | B192: 971 | C192: QUITADA | D192: ENTREGUE
A193: Lucas Mateus De Almeida Amorim 24X34 | B193: 964 | C193: QUITADA | D193: ENTREGUE
A194: Álvaro Juan Pimentel Paixão 24X34 | B194: 971 | C194: QUITADO | D194: ENTREGUE
A195: Wendy Gabriela Figueiredo Tavares 24X34 | B195: ESTOJO | D195: ENTREGUE | E195: 4 ESTOJO 24x34
A196: Allan Da Silva Marvão 24X34 | B196: ESTOJO | D196: ENTREGUE
A198: FAMILY DAY - 6 REMESSA | B198: QUITADO / PENDENTE
A199: Gabriela Coutinho goes - 1021 | B199: QUITADO
A200: João Lucas França Almeida - 1021 | B200: QUITADA
A201: LILIAN CRISTINA S. NASCIMENTO - 1021 | B201: QUITADA
A202: Malu da Silva Oliveira Costa - 1021 | B202: PENDENTE
A203: Eduardo Henrique da Silva Menezes - 1074 | B203: QUITADO
A204: Raryane da Rocha Fiel - 1075 | B204: QUITADA
A205: Guilherme Kenzo Yamamoto Harima - 1086 | B205: QUITADA | D205: 20x20 - 6
A206: Gustavo Freitas Nascimento da Paz - 1086 | B206: QUITADA | D206: 30x20 - 23
A207: Helena Miranda Rosa - 1086 | B207: QUITADA | D207: 30x20 - 6
A208: Thael nobre Fialho Rodrigues - 1086 | B208: QUITADA | D208: 20x20 - 26
A209: Ana Luiza Meireles Calandrine - 1087 | B209: QUITADA | D209: 30x20 11
A210: Fernanda Beatriz Cunha Lima - 1087 | B210: QUITADA
A211: Rosália Maria Savino Pereira do Rosário - 1087 | B211: QUITADA
A212: Bernardo Jardim Ribeiro - 1088 | B212: QUITADA
A213: Ayron Arthur Melo Teixeira - 1091 | B213: QUITADA
A214: Ana Beatriz Brito Morais - 1101 | B214: QUITADA
A215: Maria Luísa Cordeiro Moraes - 1104 | B215: QUITADA
A216: Bernardo Drumond Reis - 1112 | B216: QUITADA
A217: Gabriel Dias Benayon - 1112 | B217: QUITADA
A218: João Felipe Franco Neves - 1112 | B218: QUITADA
A219: jolie Sofie da Silva Diniz - 1112 | B219: QUITADA
A220: Maria Eduarda Freitas da Conceição - 1112 | B220: QUITADA
A221: Maria Laura Barros Noronha - 1113 | B221: EM DIA
... A235: Miguel Afonso de Oliveira Gouveia Ferreira - 1166 | B235: QUITADO
A237: 3 remessa | B237: QUITADO / PENDENTE | C237: 24X34 | D237: 20X20 | E237: POSTER | F237: A Definir | G237: NÃO CONTÉM | K237: EM ABERTO
A238: 1084 - Ana Paula Brito Medino - Studio Day Moscou 30x20 | B238: QUITADO | C238: OK | D238: OK
A239: 1084 - Douglas Ronan Mendes De Oliveira - Studio Day Berlim 24x34 | B239: QUITADO | C239: 20X20 OK | D239: OK | E239: OK | G239: NÃO CONTÉM
A240: 1084 - Ingrid Santos do Nascimento - Studio Day Moscou 30x20 | B240: EM DIA | C240: OK | D240: OK
A241: 1084 - Kaèlem Brito Oliveira - Studio Day Moscou 30x20 | B241: EM DIA | C241: OK
...

Sheet IMPRESSÃO
A2: ÁLBUNS | M2: VALORES
A3: IMPRESSÃO - STATUS | B3: LOTE | C3: ESTOJOS 30X20 | D3: ESTOJOS 24X34 | E3: ALBUM 30X20 | F3: ALBUM 20X20 | G3: ALBUM 24X34 | H3: QUANTIDADE TOTAL | I3: GRÁFICA | J3: DATA DO PEDIDO | K3: PRAZO | L3: Coluna 1 | M3: EST 30X20 | N3: EST 24X34 | O3: VALOR 30X20 | P3: VALOR 20X20 | Q3: VALOR 24X34 | R3: VALOR TOTAL | S3: OBS | U3: JOSELITO
A4: PRONTO | B4: LOTE 1 A 4 - FAMILY | E4: 42 | F4: 68 | H4: =SUM(C4:G4) -> 110 | I4: JOSELITO | J4: 46174 | K4: 46236 | M4: =C4*37 -> 0 | N4: =D4*75 -> 0 | O4: =E4*141.35 -> 5936.7 | P4: =F4*59.4 -> 4039.2 | Q4: =G4*165 -> 0 | R4: =SUM(M4:Q4) -> 9975.9 | S4: PAGO | U4: 30x20 JOSELITO: R$ 190,00
A5: PRONTO | B5: LOTE 1 - COLAÇÃO | E5: 9 | F5: 2 | H5: =SUM(C5:G5) -> 11 | I5: JOSELITO | J5: 46175 | K5: 46237 | M5: =C5*37 -> 0 | N5: =D5*75 -> 0 | O5: =E5*141.35 -> 1272.15 | P5: =F5*59.4 -> 118.8 | Q5: =G5*165 -> 0 | R5: =SUM(M5:Q5) -> 1390.95 | S5: PAGO 01/06/2026 - COMPROVANTE WPP | U5: 20x20 JOSELITO: R$ 105,00
A6: PRONTO | B6: LOTE 2 - FAMILY E COLAÇÃO | E6: 29 | F6: 29 | H6: =SUM(C6:G6) -> 58 | I6: JOSELITO | J6: 46176 | K6: 46238 | M6: =C6*37 -> 0 | N6: =D6*75 -> 0 | O6: =E6*141.35 -> 4099.15 | P6: =F6*59.4 -> 1722.6 | Q6: =G6*165 -> 0 | R6: =SUM(M6:Q6) -> 5821.75 | S6: PG 3.000,00 08/06/26 - PG 3.000,00 15/06/26
A7: PRONTO | B7: AVULSO COLAÇÃO | D7: 6 | G7: 4 | H7: =SUM(C7:G7) -> 10 | I7: ZANGRAF | J7: 46177 | K7: 46239 | M7: =C7*37 -> 0 | N7: =D7*75 -> 450 | O7: =E7*141.35 -> 0 | P7: =F7*59.4 -> 0 | Q7: =G7*165 -> 660 | R7: =SUM(M7:Q7) -> 1110 | S7: OS 120517 / 120567 | U7: ZANGRAF
A8: PRONTO | B8: LOTE 1 - ESTOJO | C8: 39 | H8: =SUM(C8:G8) -> 39 | I8: GINEY | J8: 46178 | K8: 46240 | M8: =C8*37 -> 1443 | N8: =D8*75 -> 0 | O8: =E8*141.35 -> 0 | P8: =F8*59.4 -> 0 | Q8: =G8*165 -> 0 | R8: =SUM(M8:Q8) -> 1443 | U8: 30x20 estojo - 75,00 / 29,00 / 37,00
A9: PRONTO | B9: LOTE 3 - FAMILY E COLAÇÃO | E9: 45 | F9: 31 | H9: =SUM(C9:G9) -> 76 | I9: JOSELITO | J9: 46179 | K9: 46241 | M9: =C9*37 -> 0 | N9: =D9*75 -> 0 | O9: =E9*141.35 -> 6360.75 | P9: =F9*59.4 -> 1841.4 | Q9: =G9*165 -> 0 | R9: =SUM(M9:Q9) -> 8202.15 | S9: PG 3.000,00 / PG 2.000,00 / 5.960,00 / FALTA: 565,00 | U9: 24x34 estojo - 75,00
A10: PRONTO | B10: LOTE 4 - COLAÇÃO | E10: 11 | F10: 13 | G10: 12 | H10: =SUM(C10:G10) -> 36 | I10: ZANGRAF | J10: 46180 | K10: 46242 | M10: =C10*37 -> 0 | N10: =D10*75 -> 0 | O10: =E10*141.35 -> 1554.85 | P10: =F10*59.4 -> 772.2 | Q10: =G10*165 -> 1980 | R10: =SUM(M10:Q10) -> 4307.05 | U10: Álbum 30x20 - 141,35
A11: PRONTO | B11: LOTE 5 - COLAÇÃO | E11: 23 | H11: =SUM(C11:G11) -> 23 | I11: ZANGRAF | J11: 46210 | K11: 46240 | M11: =C11*37 -> 0 | N11: =D11*75 -> 0 | O11: =E11*141.35 -> 3251.05 | P11: =F11*59.4 -> 0 | Q11: =G11*165 -> 0 | R11: =SUM(M11:Q11) -> 3251.05 | U11: Álbum 34x24 - 165,00
A12: PRONTO | B12: LOTE 6 - COLAÇÃO | C12: 23 | H12: =SUM(C12:G12) -> 23 | I12: ZANGRAF | J12: 46211 | K12: 46241 | M12: =C12*37 -> 851 | N12: =D12*75 -> 0 | O12: =E12*141.35 -> 0 | P12: =F12*59.4 -> 0 | Q12: =G12*165 -> 0 | R12: =SUM(M12:Q12) -> 851 | U12: Álbum 20x20 - 59,40
A13: PRONTO | B13: LOTE 7 - COLAÇÃO | C13: 17 | D13: 14 | E13: 17 | F13: 15 | G13: 14 | H13: =SUM(C13:G13) -> 77 | I13: ZANGRAF | J13: 46212 | K13: =J13+45 -> 46257 | M13: =C13*37 -> 629 | N13: =D13*75 -> 1050 | O13: =E13*141.35 -> 2402.95 | P13: =F13*59.4 -> 891 | Q13: =G13*165 -> 2310 | R13: =SUM(M13:Q13) -> 7282.95
A14: PRONTO | B14: LOTE 8 - COLAÇÃO | C14: 9 | D14: 3 | E14: 9 | F14: 4 | G14: 3 | H14: =SUM(C14:G14) -> 28 | I14: ZANGRAF | J14: 46212 | K14: =J14+45 -> 46257 | M14: =C14*37 -> 333 | N14: =D14*75 -> 225 | O14: =E14*141.35 -> 1272.15 | P14: =F14*59.4 -> 237.6 | Q14: =G14*165 -> 495 | R14: =SUM(M14:Q14) -> 2562.75
A15: PRONTO | B15: LOTE 9 - COLAÇÃO | C15: 15 | D15: 8 | E15: 15 | F15: 9 | G15: 8 | H15: =SUM(C15:G15) -> 55 | I15: ZANGRAF | J15: 46224 | K15: =J15+45 -> 46269 | M15: =C15*37 -> 555 | N15: =D15*75 -> 600 | O15: =E15*141.35 -> 2120.25 | P15: =F15*59.4 -> 534.6 | Q15: =G15*165 -> 1320 | R15: =SUM(M15:Q15) -> 5129.85
A16: EM PRODUÇÃO | B16: LOTE 7 - FAMILY | C16: 8 | E16: 8 | F16: 7 | H16: =SUM(C16:G16) -> 23 | I16: JOSELITO | J16: 46225 | K16: 46243 | M16: =C16*37 -> 296 | N16: =D16*75 -> 0 | O16: =E16*141.35 -> 1130.8 | P16: =F16*59.4 -> 415.8 | Q16: =G16*165 -> 0 | R16: =SUM(M16:Q16) -> 1842.6
A17: EM PRODUÇÃO | B17: LOTE 8 - FAMILY | E17: 8 | F17: 18 | H17: =SUM(C17:G17) -> 26 | I17: JOSELITO | J17: 46241 | K17: 46256 | M17: =C17*37 -> 0 | N17: =D17*75 -> 0 | O17: =E17*141.35 -> 1130.8 | P17: =F17*59.4 -> 1069.2 | Q17: =G17*165 -> 0 | R17: =SUM(M17:Q17) -> 2200 | S17: adicionar no valor total + 190 de um 30x20 por fora
A18: PRONTO | B18: LOTE 10 - COLAÇÃO | C18: 9 | D18: 10 | E18: 9 | F18: 13 | G18: 10 | H18: =SUM(C18:G18) -> 42 | I18: ZANGRAF | J18: 46235 | K18: =J18+45 -> 46280 | M18: =C18*37 -> 333 | N18: =D18*75 -> 750 | O18: =E18*141.35 -> 1272.15 | P18: =F18*59.4 -> 772.2 | Q18: =G18*165 -> 1650 | R18: =SUM(M18:Q18) -> 4777.35
A19: PRONTO | B19: LOTE 11 - COLAÇÃO | C19: 15 | D19: 9 | E19: 15 | F19: 10 | G19: 9 | H19: =SUM(C19:G19) -> 58 | I19: ZANGRAF | J19: 46253 | K19: =J19+45 -> 46298 | M19: =C19*37 -> 555 | N19: =D19*75 -> 675 | O19: =E19*141.35 -> 2120.25 | P19: =F19*59.4 -> 594 | Q19: =G19*165 -> 1485 | R19: =SUM(M19:Q19) -> 5429.25
A20: EM PRODUÇÃO | B20: LOTE 12 - COLAÇÃO | C20: 19 | D20: 12 | E20: 19 | F20: 16 | G20: 12 | H20: =SUM(C20:G20) -> 78 | I20: ZANGRAF | J20: 46272 | K20: =J20+45 -> 46317 | M20: =C20*37 -> 703 | N20: =D20*75 -> 900 | O20: =E20*141.35 -> 2685.65 | P20: =F20*59.4 -> 950.4 | Q20: =G20*165 -> 1980 | R20: =SUM(M20:Q20) -> 7219.05
A21: EM PRODUÇÃO | B21: LOTE 13 - COLAÇÃO | C21: 15 | D21: 5 | E21: 15 | F21: 11 | G21: 5 | H21: =SUM(C21:G21) -> 51 | I21: ZANGRAF | J21: 46274 | K21: =J21+45 -> 46319 | M21: =C21*37 -> 555 | N21: =D21*75 -> 375 | O21: =E21*141.35 -> 2120.25 | P21: =F21*59.4 -> 653.4 | Q21: =G21*165 -> 825 | R21: =SUM(M21:Q21) -> 4528.65
A22: EM PRODUÇÃO | B22: LOTE 14 - COLAÇÃO | H22: =SUM(C22:G22) -> 0 | I22: ZANGRAF | J22: 46275 | K22: =J22+45 -> 46320 | M22: =C22*37 -> 0 | N22: =D22*75 -> 0 | O22: =E22*141.35 -> 0 | P22: =F22*59.4 -> 0 | Q22: =G22*165 -> 0 | R22: =SUM(M22:Q22) -> 0
A23: EM PRODUÇÃO | B23: LOTE 15 - COLAÇÃO | H23: =SUM(C23:G23) -> 0 | I23: ZANGRAF | J23: 46276 | K23: =J23+45 -> 46321 | M23: =C23*37 -> 0 | N23: =D23*75 -> 0 | O23: =E23*141.35 -> 0 | P23: =F23*59.4 -> 0 | Q23: =G23*165 -> 0 | R23: =SUM(M23:Q23) -> 0
A24: EM PRODUÇÃO | B24: LOTE 16 - COLAÇÃO | H24: =SUM(C24:G24) -> 0 | I24: ZANGRAF | J24: 46277 | K24: =J24+45 -> 46322 | M24: =C24*37 -> 0 | N24: =D24*75 -> 0 | O24: =E24*141.35 -> 0 | P24: =F24*59.4 -> 0 | Q24: =G24*165 -> 0 | R24: =SUM(M24:Q24) -> 0
A25: EM PRODUÇÃO | B25: LOTE 17 | H25: =SUM(C25:G25) -> 0 | I25: ZANGRAF | J25: 46278 | K25: =J25+45 -> 46323 | M25: =C25*37 -> 0 | N25: =D25*75 -> 0 | O25: =E25*141.35 -> 0 | P25: =F25*59.4 -> 0 | Q25: =G25*165 -> 0 | R25: =SUM(M25:Q25) -> 0
A32: DIAGRAMAÇÃO COLAÇÃO | B32: LOTE | C32: 20x20 | D32: 24X34 | E32: 30x20 | F32: PREÇO | G32: HELLEN | H32: VALOR REF | J32: SACOLAS DE VELUDO | K32: M | L32: G | M32: DATA DO PEDIDO | N32: TOTAL
A33: PRONTO | B33: LOTE 1 | C33: 5 | D33: 5 | E33: 11 | F33: R$ 570,00 | G33: PAGO | H33: 20X20 | I33: 15 | J33: AGUARDANDO PAGAMENTO INICIAL | K33: 100 | L33: 40 | M33: 46178 | N33: R$ 2.940,00
A34: PRONTO | B34: LOTE 2 | C34: 0 | D34: 1 | E34: 29 | F34: R$ 530,00 | G34: PAGO | H34: 24X34 | I34: 20
A35: PRONTO | B35: LOTE 3 | C35: 5 | D35: 11 | E35: 6 | F35: R$ 415,00 | G35: PAGO - 09/06 | H35: 30X20 | I35: 20
A36: PRONTO | B36: LOTE 4 | C36: 16 | D36: 17 | E36: 17 | F36: R$ 760,00
A37: PRONTO | B37: LOTE 5 | C37: 8 | D37: 11 | E37: 5 | F37: =C37*I33+D37*I34+E37*I35 -> 440
A38: PRONTO | B38: LOTE 6 | C38: 10 | D38: 10 | E38: 10 | F38: =C38*15+D38*20+E38*20 -> 550
A39: PRONTO | B39: LOTE 7 | C39: 7 | D39: 9 | E39: 4 | F39: =C39*15+D39*20+E39*20 -> 365
A40: PRONTO | B40: LOTE 08/09 | C40: 16 | D40: 12 | E40: 7 | F40: =C40*15+D40*20+E40*20 -> 620
A41: PRONTO | B41: LOTE 02/10 | C41: 4 | D41: 13 | E41: 4 | F41: =C41*15+D41*20+E41*20 -> 400
A42: PRONTO | B42: 46304 | C42: 0 | D42: 0 | E42: 7 | F42: =C42*15+D42*20+E42*20 -> 140
A43: EM PRODUÇAO | B43: 46311 | C43: 1 | D43: 1 | E43: 3 | F43: =C43*15+D43*20+E43*20 -> 95
A44: EM PRODUÇAO | F44: =C44*15+D44*20+E44*20 -> 0
A45: EM PRODUÇAO | F45: =C45*15+D45*20+E45*20 -> 0
A46: EM PRODUÇAO | F46: =C46*15+D46*20+E46*20 -> 0
A47: EM PRODUÇAO | F47: =C47*15+D47*20+E47*20 -> 0
A48: EM PRODUÇAO | F48: =C48*15+D48*20+E48*20 -> 0
A49: EM PRODUÇAO | F49: =C49*15+D49*20+E49*20 -> 0
